MonthNumber,YearNumber,DayNumber,IsPublicHoliday,Week,IsWeekend,SK,Date
1,2020,1,FALSE,1,FALSE,20200101,01-01-2020
1,2020,2,FALSE,1,FALSE,20200102,02-01-2020
1,2020,3,FALSE,1,FALSE,20200103,03-01-2020
1,2020,6,FALSE,2,FALSE,20200106,06-01-2020
1,2020,7,FALSE,2,FALSE,20200107,07-01-2020
1,2020,8,FALSE,2,FALSE,20200108,08-01-2020
1,2020,9,FALSE,2,FALSE,20200109,09-01-2020
1,2020,10,FALSE,2,FALSE,20200110,10-01-2020
1,2020,13,FALSE,3,FALSE,20200113,13-01-2020
1,2020,14,FALSE,3,FALSE,20200114,14-01-2020
1,2020,15,FALSE,3,FALSE,20200115,15-01-2020
1,2020,16,FALSE,3,FALSE,20200116,16-01-2020
1,2020,17,FALSE,3,FALSE,20200117,17-01-2020
1,2020,20,FALSE,4,FALSE,20200120,20-01-2020
1,2020,21,FALSE,4,FALSE,20200121,21-01-2020
1,2020,22,FALSE,4,FALSE,20200122,22-01-2020
1,2020,23,FALSE,4,FALSE,20200123,23-01-2020
1,2020,24,FALSE,4,FALSE,20200124,24-01-2020
1,2020,27,FALSE,5,FALSE,20200127,27-01-2020
1,2020,28,FALSE,5,FALSE,20200128,28-01-2020
1,2020,29,FALSE,5,FALSE,20200129,29-01-2020
1,2020,30,FALSE,5,FALSE,20200130,30-01-2020
1,2020,31,FALSE,5,FALSE,20200131,31-01-2020
2,2020,3,FALSE,6,FALSE,20200203,03-02-2020
2,2020,4,FALSE,6,FALSE,20200204,04-02-2020
2,2020,5,FALSE,6,FALSE,20200205,05-02-2020
2,2020,6,FALSE,6,FALSE,20200206,06-02-2020
2,2020,7,FALSE,6,FALSE,20200207,07-02-2020
2,2020,10,FALSE,7,FALSE,20200210,10-02-2020
2,2020,11,FALSE,7,FALSE,20200211,11-02-2020
2,2020,12,FALSE,7,FALSE,20200212,12-02-2020
2,2020,13,FALSE,7,FALSE,20200213,13-02-2020
2,2020,14,FALSE,7,FALSE,20200214,14-02-2020
2,2020,17,FALSE,8,FALSE,20200217,17-02-2020
2,2020,18,FALSE,8,FALSE,20200218,18-02-2020
2,2020,19,FALSE,8,FALSE,20200219,19-02-2020
2,2020,20,FALSE,8,FALSE,20200220,20-02-2020
2,2020,21,FALSE,8,FALSE,20200221,21-02-2020
2,2020,24,FALSE,9,FALSE,20200224,24-02-2020
2,2020,25,FALSE,9,FALSE,20200225,25-02-2020
2,2020,26,FALSE,9,FALSE,20200226,26-02-2020
2,2020,27,FALSE,9,FALSE,20200227,27-02-2020
2,2020,28,FALSE,9,FALSE,20200228,28-02-2020
3,2020,2,FALSE,10,FALSE,20200302,02-03-2020
3,2020,3,FALSE,10,FALSE,20200303,03-03-2020
3,2020,4,FALSE,10,FALSE,20200304,04-03-2020
3,2020,5,FALSE,10,FALSE,20200305,05-03-2020
3,2020,6,FALSE,10,FALSE,20200306,06-03-2020
3,2020,9,FALSE,11,FALSE,20200309,09-03-2020
3,2020,10,FALSE,11,FALSE,20200310,10-03-2020
3,2020,11,FALSE,11,FALSE,20200311,11-03-2020
3,2020,12,FALSE,11,FALSE,20200312,12-03-2020
3,2020,13,FALSE,11,FALSE,20200313,13-03-2020
3,2020,16,FALSE,12,FALSE,20200316,16-03-2020
3,2020,17,FALSE,12,FALSE,20200317,17-03-2020
3,2020,18,FALSE,12,FALSE,20200318,18-03-2020
3,2020,19,FALSE,12,FALSE,20200319,19-03-2020
3,2020,20,FALSE,12,FALSE,20200320,20-03-2020
3,2020,23,FALSE,13,FALSE,20200323,23-03-2020
3,2020,24,FALSE,13,FALSE,20200324,24-03-2020
3,2020,25,FALSE,13,FALSE,20200325,25-03-2020
3,2020,26,FALSE,13,FALSE,20200326,26-03-2020
3,2020,27,FALSE,13,FALSE,20200327,27-03-2020
3,2020,30,FALSE,14,FALSE,20200330,30-03-2020
3,2020,31,FALSE,14,FALSE,20200331,31-03-2020
4,2020,1,FALSE,14,FALSE,20200401,01-04-2020
4,2020,2,FALSE,14,FALSE,20200402,02-04-2020
4,2020,3,FALSE,14,FALSE,20200403,03-04-2020
4,2020,6,FALSE,15,FALSE,20200406,06-04-2020
4,2020,7,FALSE,15,FALSE,20200407,07-04-2020
4,2020,8,FALSE,15,FALSE,20200408,08-04-2020
4,2020,9,FALSE,15,FALSE,20200409,09-04-2020
4,2020,10,FALSE,15,FALSE,20200410,10-04-2020
4,2020,13,FALSE,16,FALSE,20200413,13-04-2020
4,2020,14,FALSE,16,FALSE,20200414,14-04-2020
4,2020,15,FALSE,16,FALSE,20200415,15-04-2020
4,2020,16,FALSE,16,FALSE,20200416,16-04-2020
4,2020,17,FALSE,16,FALSE,20200417,17-04-2020
4,2020,20,FALSE,17,FALSE,20200420,20-04-2020
4,2020,21,FALSE,17,FALSE,20200421,21-04-2020
4,2020,22,FALSE,17,FALSE,20200422,22-04-2020
4,2020,23,FALSE,17,FALSE,20200423,23-04-2020
4,2020,24,FALSE,17,FALSE,20200424,24-04-2020
4,2020,27,FALSE,18,FALSE,20200427,27-04-2020
4,2020,28,FALSE,18,FALSE,20200428,28-04-2020
4,2020,29,FALSE,18,FALSE,20200429,29-04-2020
4,2020,30,FALSE,18,FALSE,20200430,30-04-2020
5,2020,1,FALSE,18,FALSE,20200501,01-05-2020
5,2020,4,FALSE,19,FALSE,20200504,04-05-2020
5,2020,5,FALSE,19,FALSE,20200505,05-05-2020
5,2020,6,FALSE,19,FALSE,20200506,06-05-2020
5,2020,7,FALSE,19,FALSE,20200507,07-05-2020
5,2020,8,FALSE,19,FALSE,20200508,08-05-2020
5,2020,11,FALSE,20,FALSE,20200511,11-05-2020
5,2020,12,FALSE,20,FALSE,20200512,12-05-2020
5,2020,13,FALSE,20,FALSE,20200513,13-05-2020
5,2020,14,FALSE,20,FALSE,20200514,14-05-2020
5,2020,15,FALSE,20,FALSE,20200515,15-05-2020
5,2020,18,FALSE,21,FALSE,20200518,18-05-2020
5,2020,19,FALSE,21,FALSE,20200519,19-05-2020
5,2020,20,FALSE,21,FALSE,20200520,20-05-2020
5,2020,21,FALSE,21,FALSE,20200521,21-05-2020
5,2020,22,FALSE,21,FALSE,20200522,22-05-2020
5,2020,25,FALSE,22,FALSE,20200525,25-05-2020
5,2020,26,FALSE,22,FALSE,20200526,26-05-2020
5,2020,27,FALSE,22,FALSE,20200527,27-05-2020
5,2020,28,FALSE,22,FALSE,20200528,28-05-2020
5,2020,29,FALSE,22,FALSE,20200529,29-05-2020
6,2020,1,FALSE,23,FALSE,20200601,01-06-2020
6,2020,2,FALSE,23,FALSE,20200602,02-06-2020
6,2020,3,FALSE,23,FALSE,20200603,03-06-2020
6,2020,4,FALSE,23,FALSE,20200604,04-06-2020
6,2020,5,FALSE,23,FALSE,20200605,05-06-2020
6,2020,8,FALSE,24,FALSE,20200608,08-06-2020
6,2020,9,FALSE,24,FALSE,20200609,09-06-2020
6,2020,10,FALSE,24,FALSE,20200610,10-06-2020
6,2020,11,FALSE,24,FALSE,20200611,11-06-2020
6,2020,12,FALSE,24,FALSE,20200612,12-06-2020
6,2020,15,FALSE,25,FALSE,20200615,15-06-2020
6,2020,16,FALSE,25,FALSE,20200616,16-06-2020
6,2020,17,FALSE,25,FALSE,20200617,17-06-2020
6,2020,18,FALSE,25,FALSE,20200618,18-06-2020
6,2020,19,FALSE,25,FALSE,20200619,19-06-2020
6,2020,22,FALSE,26,FALSE,20200622,22-06-2020
6,2020,23,FALSE,26,FALSE,20200623,23-06-2020
6,2020,24,FALSE,26,FALSE,20200624,24-06-2020
6,2020,25,FALSE,26,FALSE,20200625,25-06-2020
6,2020,26,FALSE,26,FALSE,20200626,26-06-2020
6,2020,29,FALSE,27,FALSE,20200629,29-06-2020
6,2020,30,FALSE,27,FALSE,20200630,30-06-2020
7,2020,1,FALSE,27,FALSE,20200701,01-07-2020
7,2020,2,FALSE,27,FALSE,20200702,02-07-2020
7,2020,3,FALSE,27,FALSE,20200703,03-07-2020
7,2020,6,FALSE,28,FALSE,20200706,06-07-2020
7,2020,7,FALSE,28,FALSE,20200707,07-07-2020
7,2020,8,FALSE,28,FALSE,20200708,08-07-2020
7,2020,9,FALSE,28,FALSE,20200709,09-07-2020
7,2020,10,FALSE,28,FALSE,20200710,10-07-2020
7,2020,13,FALSE,29,FALSE,20200713,13-07-2020
7,2020,14,FALSE,29,FALSE,20200714,14-07-2020
7,2020,15,FALSE,29,FALSE,20200715,15-07-2020
7,2020,16,FALSE,29,FALSE,20200716,16-07-2020
7,2020,17,FALSE,29,FALSE,20200717,17-07-2020
7,2020,20,FALSE,30,FALSE,20200720,20-07-2020
7,2020,21,FALSE,30,FALSE,20200721,21-07-2020
7,2020,22,FALSE,30,FALSE,20200722,22-07-2020
7,2020,23,FALSE,30,FALSE,20200723,23-07-2020
7,2020,24,FALSE,30,FALSE,20200724,24-07-2020
7,2020,27,FALSE,31,FALSE,20200727,27-07-2020
7,2020,28,FALSE,31,FALSE,20200728,28-07-2020
7,2020,29,FALSE,31,FALSE,20200729,29-07-2020
7,2020,30,FALSE,31,FALSE,20200730,30-07-2020
7,2020,31,FALSE,31,FALSE,20200731,31-07-2020
8,2020,3,FALSE,32,FALSE,20200803,03-08-2020
8,2020,4,FALSE,32,FALSE,20200804,04-08-2020
8,2020,5,FALSE,32,FALSE,20200805,05-08-2020
8,2020,6,FALSE,32,FALSE,20200806,06-08-2020
8,2020,7,FALSE,32,FALSE,20200807,07-08-2020
8,2020,10,FALSE,33,FALSE,20200810,10-08-2020
8,2020,11,FALSE,33,FALSE,20200811,11-08-2020
8,2020,12,FALSE,33,FALSE,20200812,12-08-2020
8,2020,13,FALSE,33,FALSE,20200813,13-08-2020
8,2020,14,FALSE,33,FALSE,20200814,14-08-2020
8,2020,17,FALSE,34,FALSE,20200817,17-08-2020
8,2020,18,FALSE,34,FALSE,20200818,18-08-2020
8,2020,19,FALSE,34,FALSE,20200819,19-08-2020
8,2020,20,FALSE,34,FALSE,20200820,20-08-2020
8,2020,21,FALSE,34,FALSE,20200821,21-08-2020
8,2020,24,FALSE,35,FALSE,20200824,24-08-2020
8,2020,25,FALSE,35,FALSE,20200825,25-08-2020
8,2020,26,FALSE,35,FALSE,20200826,26-08-2020
8,2020,27,FALSE,35,FALSE,20200827,27-08-2020
8,2020,28,FALSE,35,FALSE,20200828,28-08-2020
8,2020,31,FALSE,36,FALSE,20200831,31-08-2020
9,2020,1,FALSE,36,FALSE,20200901,01-09-2020
9,2020,2,FALSE,36,FALSE,20200902,02-09-2020
9,2020,3,FALSE,36,FALSE,20200903,03-09-2020
9,2020,4,FALSE,36,FALSE,20200904,04-09-2020
9,2020,7,FALSE,37,FALSE,20200907,07-09-2020
9,2020,8,FALSE,37,FALSE,20200908,08-09-2020
9,2020,9,FALSE,37,FALSE,20200909,09-09-2020
9,2020,10,FALSE,37,FALSE,20200910,10-09-2020
9,2020,11,FALSE,37,FALSE,20200911,11-09-2020
9,2020,14,FALSE,38,FALSE,20200914,14-09-2020
9,2020,15,FALSE,38,FALSE,20200915,15-09-2020
9,2020,16,FALSE,38,FALSE,20200916,16-09-2020
9,2020,17,FALSE,38,FALSE,20200917,17-09-2020
9,2020,18,FALSE,38,FALSE,20200918,18-09-2020
9,2020,21,FALSE,39,FALSE,20200921,21-09-2020
9,2020,22,FALSE,39,FALSE,20200922,22-09-2020
9,2020,23,FALSE,39,FALSE,20200923,23-09-2020
9,2020,24,FALSE,39,FALSE,20200924,24-09-2020
9,2020,25,FALSE,39,FALSE,20200925,25-09-2020
9,2020,28,FALSE,40,FALSE,20200928,28-09-2020
9,2020,29,FALSE,40,FALSE,20200929,29-09-2020
9,2020,30,FALSE,40,FALSE,20200930,30-09-2020
10,2020,1,FALSE,40,FALSE,20201001,01-10-2020
10,2020,2,FALSE,40,FALSE,20201002,02-10-2020
10,2020,5,FALSE,41,FALSE,20201005,05-10-2020
10,2020,6,FALSE,41,FALSE,20201006,06-10-2020
10,2020,7,FALSE,41,FALSE,20201007,07-10-2020
10,2020,8,FALSE,41,FALSE,20201008,08-10-2020
10,2020,9,FALSE,41,FALSE,20201009,09-10-2020
10,2020,12,FALSE,42,FALSE,20201012,12-10-2020
10,2020,13,FALSE,42,FALSE,20201013,13-10-2020
10,2020,14,FALSE,42,FALSE,20201014,14-10-2020
10,2020,15,FALSE,42,FALSE,20201015,15-10-2020
10,2020,16,FALSE,42,FALSE,20201016,16-10-2020
10,2020,19,FALSE,43,FALSE,20201019,19-10-2020
10,2020,20,FALSE,43,FALSE,20201020,20-10-2020
10,2020,21,FALSE,43,FALSE,20201021,21-10-2020
10,2020,22,FALSE,43,FALSE,20201022,22-10-2020
10,2020,23,FALSE,43,FALSE,20201023,23-10-2020
10,2020,26,FALSE,44,FALSE,20201026,26-10-2020
10,2020,27,FALSE,44,FALSE,20201027,27-10-2020
10,2020,28,FALSE,44,FALSE,20201028,28-10-2020
10,2020,29,FALSE,44,FALSE,20201029,29-10-2020
10,2020,30,FALSE,44,FALSE,20201030,30-10-2020
11,2020,2,FALSE,45,FALSE,20201102,02-11-2020
11,2020,3,FALSE,45,FALSE,20201103,03-11-2020
11,2020,4,FALSE,45,FALSE,20201104,04-11-2020
11,2020,5,FALSE,45,FALSE,20201105,05-11-2020
11,2020,6,FALSE,45,FALSE,20201106,06-11-2020
11,2020,9,FALSE,46,FALSE,20201109,09-11-2020
11,2020,10,FALSE,46,FALSE,20201110,10-11-2020
11,2020,11,FALSE,46,FALSE,20201111,11-11-2020
11,2020,12,FALSE,46,FALSE,20201112,12-11-2020
11,2020,13,FALSE,46,FALSE,20201113,13-11-2020
11,2020,16,FALSE,47,FALSE,20201116,16-11-2020
11,2020,17,FALSE,47,FALSE,20201117,17-11-2020
11,2020,18,FALSE,47,FALSE,20201118,18-11-2020
11,2020,19,FALSE,47,FALSE,20201119,19-11-2020
11,2020,20,FALSE,47,FALSE,20201120,20-11-2020
11,2020,23,FALSE,48,FALSE,20201123,23-11-2020
11,2020,24,FALSE,48,FALSE,20201124,24-11-2020
11,2020,25,FALSE,48,FALSE,20201125,25-11-2020
11,2020,26,FALSE,48,FALSE,20201126,26-11-2020
11,2020,27,FALSE,48,FALSE,20201127,27-11-2020
11,2020,30,FALSE,49,FALSE,20201130,30-11-2020
12,2020,1,FALSE,49,FALSE,20201201,01-12-2020
12,2020,2,FALSE,49,FALSE,20201202,02-12-2020
12,2020,3,FALSE,49,FALSE,20201203,03-12-2020
12,2020,4,FALSE,49,FALSE,20201204,04-12-2020
12,2020,7,FALSE,50,FALSE,20201207,07-12-2020
12,2020,8,FALSE,50,FALSE,20201208,08-12-2020
12,2020,9,FALSE,50,FALSE,20201209,09-12-2020
12,2020,10,FALSE,50,FALSE,20201210,10-12-2020
12,2020,11,FALSE,50,FALSE,20201211,11-12-2020
12,2020,14,FALSE,51,FALSE,20201214,14-12-2020
12,2020,15,FALSE,51,FALSE,20201215,15-12-2020
12,2020,16,FALSE,51,FALSE,20201216,16-12-2020
12,2020,17,FALSE,51,FALSE,20201217,17-12-2020
12,2020,18,FALSE,51,FALSE,20201218,18-12-2020
12,2020,21,FALSE,52,FALSE,20201221,21-12-2020
12,2020,22,FALSE,52,FALSE,20201222,22-12-2020
12,2020,23,FALSE,52,FALSE,20201223,23-12-2020
12,2020,24,FALSE,52,FALSE,20201224,24-12-2020
12,2020,25,FALSE,52,FALSE,20201225,25-12-2020
12,2020,28,FALSE,53,FALSE,20201228,28-12-2020
12,2020,29,FALSE,53,FALSE,20201229,29-12-2020
12,2020,30,FALSE,53,FALSE,20201230,30-12-2020
12,2020,31,FALSE,53,FALSE,20201231,31-12-2020
1,2021,1,FALSE,53,FALSE,20210101,01-01-2021
1,2021,4,FALSE,1,FALSE,20210104,04-01-2021
1,2021,5,FALSE,1,FALSE,20210105,05-01-2021
1,2021,6,FALSE,1,FALSE,20210106,06-01-2021
1,2021,7,FALSE,1,FALSE,20210107,07-01-2021
1,2021,8,FALSE,1,FALSE,20210108,08-01-2021
1,2021,11,FALSE,2,FALSE,20210111,11-01-2021
1,2021,12,FALSE,2,FALSE,20210112,12-01-2021
1,2021,13,FALSE,2,FALSE,20210113,13-01-2021
1,2021,14,FALSE,2,FALSE,20210114,14-01-2021
1,2021,15,FALSE,2,FALSE,20210115,15-01-2021
1,2021,18,FALSE,3,FALSE,20210118,18-01-2021
1,2021,19,FALSE,3,FALSE,20210119,19-01-2021
1,2021,20,FALSE,3,FALSE,20210120,20-01-2021
1,2021,21,FALSE,3,FALSE,20210121,21-01-2021
1,2021,22,FALSE,3,FALSE,20210122,22-01-2021
1,2021,25,FALSE,4,FALSE,20210125,25-01-2021
1,2021,26,FALSE,4,FALSE,20210126,26-01-2021
1,2021,27,FALSE,4,FALSE,20210127,27-01-2021
1,2021,28,FALSE,4,FALSE,20210128,28-01-2021
1,2021,29,FALSE,4,FALSE,20210129,29-01-2021
2,2021,1,FALSE,5,FALSE,20210201,01-02-2021
2,2021,2,FALSE,5,FALSE,20210202,02-02-2021
2,2021,3,FALSE,5,FALSE,20210203,03-02-2021
2,2021,4,FALSE,5,FALSE,20210204,04-02-2021
2,2021,5,FALSE,5,FALSE,20210205,05-02-2021
2,2021,8,FALSE,6,FALSE,20210208,08-02-2021
2,2021,9,FALSE,6,FALSE,20210209,09-02-2021
2,2021,10,FALSE,6,FALSE,20210210,10-02-2021
2,2021,11,FALSE,6,FALSE,20210211,11-02-2021
2,2021,12,FALSE,6,FALSE,20210212,12-02-2021
2,2021,15,FALSE,7,FALSE,20210215,15-02-2021
2,2021,16,FALSE,7,FALSE,20210216,16-02-2021
2,2021,17,FALSE,7,FALSE,20210217,17-02-2021
2,2021,18,FALSE,7,FALSE,20210218,18-02-2021
2,2021,19,FALSE,7,FALSE,20210219,19-02-2021
2,2021,22,FALSE,8,FALSE,20210222,22-02-2021
2,2021,23,FALSE,8,FALSE,20210223,23-02-2021
2,2021,24,FALSE,8,FALSE,20210224,24-02-2021
2,2021,25,FALSE,8,FALSE,20210225,25-02-2021
2,2021,26,FALSE,8,FALSE,20210226,26-02-2021
3,2021,1,FALSE,9,FALSE,20210301,01-03-2021
3,2021,2,FALSE,9,FALSE,20210302,02-03-2021
3,2021,3,FALSE,9,FALSE,20210303,03-03-2021
3,2021,4,FALSE,9,FALSE,20210304,04-03-2021
3,2021,5,FALSE,9,FALSE,20210305,05-03-2021
3,2021,8,FALSE,10,FALSE,20210308,08-03-2021
3,2021,9,FALSE,10,FALSE,20210309,09-03-2021
3,2021,10,FALSE,10,FALSE,20210310,10-03-2021
3,2021,11,FALSE,10,FALSE,20210311,11-03-2021
3,2021,12,FALSE,10,FALSE,20210312,12-03-2021
3,2021,15,FALSE,11,FALSE,20210315,15-03-2021
3,2021,16,FALSE,11,FALSE,20210316,16-03-2021
3,2021,17,FALSE,11,FALSE,20210317,17-03-2021
3,2021,18,FALSE,11,FALSE,20210318,18-03-2021
3,2021,19,FALSE,11,FALSE,20210319,19-03-2021
3,2021,22,FALSE,12,FALSE,20210322,22-03-2021
3,2021,23,FALSE,12,FALSE,20210323,23-03-2021
3,2021,24,FALSE,12,FALSE,20210324,24-03-2021
3,2021,25,FALSE,12,FALSE,20210325,25-03-2021
3,2021,26,FALSE,12,FALSE,20210326,26-03-2021
3,2021,29,FALSE,13,FALSE,20210329,29-03-2021
3,2021,30,FALSE,13,FALSE,20210330,30-03-2021
3,2021,31,FALSE,13,FALSE,20210331,31-03-2021
4,2021,1,FALSE,13,FALSE,20210401,01-04-2021
4,2021,2,FALSE,13,FALSE,20210402,02-04-2021
4,2021,5,FALSE,14,FALSE,20210405,05-04-2021
4,2021,6,FALSE,14,FALSE,20210406,06-04-2021
4,2021,7,FALSE,14,FALSE,20210407,07-04-2021
4,2021,8,FALSE,14,FALSE,20210408,08-04-2021
4,2021,9,FALSE,14,FALSE,20210409,09-04-2021
4,2021,12,FALSE,15,FALSE,20210412,12-04-2021
4,2021,13,FALSE,15,FALSE,20210413,13-04-2021
4,2021,14,FALSE,15,FALSE,20210414,14-04-2021
4,2021,15,FALSE,15,FALSE,20210415,15-04-2021
4,2021,16,FALSE,15,FALSE,20210416,16-04-2021
4,2021,19,FALSE,16,FALSE,20210419,19-04-2021
4,2021,20,FALSE,16,FALSE,20210420,20-04-2021
4,2021,21,FALSE,16,FALSE,20210421,21-04-2021
4,2021,22,FALSE,16,FALSE,20210422,22-04-2021
4,2021,23,FALSE,16,FALSE,20210423,23-04-2021
4,2021,26,FALSE,17,FALSE,20210426,26-04-2021
4,2021,27,FALSE,17,FALSE,20210427,27-04-2021
4,2021,28,FALSE,17,FALSE,20210428,28-04-2021
4,2021,29,FALSE,17,FALSE,20210429,29-04-2021
4,2021,30,FALSE,17,FALSE,20210430,30-04-2021
5,2021,3,FALSE,18,FALSE,20210503,03-05-2021
5,2021,4,FALSE,18,FALSE,20210504,04-05-2021
5,2021,5,FALSE,18,FALSE,20210505,05-05-2021
5,2021,6,FALSE,18,FALSE,20210506,06-05-2021
5,2021,7,FALSE,18,FALSE,20210507,07-05-2021
5,2021,10,FALSE,19,FALSE,20210510,10-05-2021
5,2021,11,FALSE,19,FALSE,20210511,11-05-2021
5,2021,12,FALSE,19,FALSE,20210512,12-05-2021
5,2021,13,FALSE,19,FALSE,20210513,13-05-2021
5,2021,14,FALSE,19,FALSE,20210514,14-05-2021
5,2021,17,FALSE,20,FALSE,20210517,17-05-2021
5,2021,18,FALSE,20,FALSE,20210518,18-05-2021
5,2021,19,FALSE,20,FALSE,20210519,19-05-2021
5,2021,20,FALSE,20,FALSE,20210520,20-05-2021
5,2021,21,FALSE,20,FALSE,20210521,21-05-2021
5,2021,24,FALSE,21,FALSE,20210524,24-05-2021
5,2021,25,FALSE,21,FALSE,20210525,25-05-2021
5,2021,26,FALSE,21,FALSE,20210526,26-05-2021
5,2021,27,FALSE,21,FALSE,20210527,27-05-2021
5,2021,28,FALSE,21,FALSE,20210528,28-05-2021
5,2021,31,FALSE,22,FALSE,20210531,31-05-2021
6,2021,1,FALSE,22,FALSE,20210601,01-06-2021
6,2021,2,FALSE,22,FALSE,20210602,02-06-2021
6,2021,3,FALSE,22,FALSE,20210603,03-06-2021
6,2021,4,FALSE,22,FALSE,20210604,04-06-2021
6,2021,7,FALSE,23,FALSE,20210607,07-06-2021
6,2021,8,FALSE,23,FALSE,20210608,08-06-2021
6,2021,9,FALSE,23,FALSE,20210609,09-06-2021
6,2021,10,FALSE,23,FALSE,20210610,10-06-2021
6,2021,11,FALSE,23,FALSE,20210611,11-06-2021
6,2021,14,FALSE,24,FALSE,20210614,14-06-2021
6,2021,15,FALSE,24,FALSE,20210615,15-06-2021
6,2021,16,FALSE,24,FALSE,20210616,16-06-2021
6,2021,17,FALSE,24,FALSE,20210617,17-06-2021
6,2021,18,FALSE,24,FALSE,20210618,18-06-2021
6,2021,21,FALSE,25,FALSE,20210621,21-06-2021
6,2021,22,FALSE,25,FALSE,20210622,22-06-2021
6,2021,23,FALSE,25,FALSE,20210623,23-06-2021
6,2021,24,FALSE,25,FALSE,20210624,24-06-2021
6,2021,25,FALSE,25,FALSE,20210625,25-06-2021
6,2021,28,FALSE,26,FALSE,20210628,28-06-2021
6,2021,29,FALSE,26,FALSE,20210629,29-06-2021
6,2021,30,FALSE,26,FALSE,20210630,30-06-2021
7,2021,1,FALSE,26,FALSE,20210701,01-07-2021
7,2021,2,FALSE,26,FALSE,20210702,02-07-2021
7,2021,5,FALSE,27,FALSE,20210705,05-07-2021
7,2021,6,FALSE,27,FALSE,20210706,06-07-2021
7,2021,7,FALSE,27,FALSE,20210707,07-07-2021
7,2021,8,FALSE,27,FALSE,20210708,08-07-2021
7,2021,9,FALSE,27,FALSE,20210709,09-07-2021
7,2021,12,FALSE,28,FALSE,20210712,12-07-2021
7,2021,13,FALSE,28,FALSE,20210713,13-07-2021
7,2021,14,FALSE,28,FALSE,20210714,14-07-2021
7,2021,15,FALSE,28,FALSE,20210715,15-07-2021
7,2021,16,FALSE,28,FALSE,20210716,16-07-2021
7,2021,19,FALSE,29,FALSE,20210719,19-07-2021
7,2021,20,FALSE,29,FALSE,20210720,20-07-2021
7,2021,21,FALSE,29,FALSE,20210721,21-07-2021
7,2021,22,FALSE,29,FALSE,20210722,22-07-2021
7,2021,23,FALSE,29,FALSE,20210723,23-07-2021
7,2021,26,FALSE,30,FALSE,20210726,26-07-2021
7,2021,27,FALSE,30,FALSE,20210727,27-07-2021
7,2021,28,FALSE,30,FALSE,20210728,28-07-2021
7,2021,29,FALSE,30,FALSE,20210729,29-07-2021
7,2021,30,FALSE,30,FALSE,20210730,30-07-2021
8,2021,2,FALSE,31,FALSE,20210802,02-08-2021
8,2021,3,FALSE,31,FALSE,20210803,03-08-2021
8,2021,4,FALSE,31,FALSE,20210804,04-08-2021
8,2021,5,FALSE,31,FALSE,20210805,05-08-2021
8,2021,6,FALSE,31,FALSE,20210806,06-08-2021
8,2021,9,FALSE,32,FALSE,20210809,09-08-2021
8,2021,10,FALSE,32,FALSE,20210810,10-08-2021
8,2021,11,FALSE,32,FALSE,20210811,11-08-2021
8,2021,12,FALSE,32,FALSE,20210812,12-08-2021
8,2021,13,FALSE,32,FALSE,20210813,13-08-2021
8,2021,16,FALSE,33,FALSE,20210816,16-08-2021
8,2021,17,FALSE,33,FALSE,20210817,17-08-2021
8,2021,18,FALSE,33,FALSE,20210818,18-08-2021
8,2021,19,FALSE,33,FALSE,20210819,19-08-2021
8,2021,20,FALSE,33,FALSE,20210820,20-08-2021
8,2021,23,FALSE,34,FALSE,20210823,23-08-2021
8,2021,24,FALSE,34,FALSE,20210824,24-08-2021
8,2021,25,FALSE,34,FALSE,20210825,25-08-2021
8,2021,26,FALSE,34,FALSE,20210826,26-08-2021
8,2021,27,FALSE,34,FALSE,20210827,27-08-2021
8,2021,30,FALSE,35,FALSE,20210830,30-08-2021
8,2021,31,FALSE,35,FALSE,20210831,31-08-2021
9,2021,1,FALSE,35,FALSE,20210901,01-09-2021
9,2021,2,FALSE,35,FALSE,20210902,02-09-2021
9,2021,3,FALSE,35,FALSE,20210903,03-09-2021
9,2021,6,FALSE,36,FALSE,20210906,06-09-2021
9,2021,7,FALSE,36,FALSE,20210907,07-09-2021
9,2021,8,FALSE,36,FALSE,20210908,08-09-2021
9,2021,9,FALSE,36,FALSE,20210909,09-09-2021
9,2021,10,FALSE,36,FALSE,20210910,10-09-2021
9,2021,13,FALSE,37,FALSE,20210913,13-09-2021
9,2021,14,FALSE,37,FALSE,20210914,14-09-2021
9,2021,15,FALSE,37,FALSE,20210915,15-09-2021
9,2021,16,FALSE,37,FALSE,20210916,16-09-2021
9,2021,17,FALSE,37,FALSE,20210917,17-09-2021
9,2021,20,FALSE,38,FALSE,20210920,20-09-2021
9,2021,21,FALSE,38,FALSE,20210921,21-09-2021
9,2021,22,FALSE,38,FALSE,20210922,22-09-2021
9,2021,23,FALSE,38,FALSE,20210923,23-09-2021
9,2021,24,FALSE,38,FALSE,20210924,24-09-2021
9,2021,27,FALSE,39,FALSE,20210927,27-09-2021
9,2021,28,FALSE,39,FALSE,20210928,28-09-2021
9,2021,29,FALSE,39,FALSE,20210929,29-09-2021
9,2021,30,FALSE,39,FALSE,20210930,30-09-2021
10,2021,1,FALSE,39,FALSE,20211001,01-10-2021
10,2021,4,FALSE,40,FALSE,20211004,04-10-2021
10,2021,5,FALSE,40,FALSE,20211005,05-10-2021
10,2021,6,FALSE,40,FALSE,20211006,06-10-2021
10,2021,7,FALSE,40,FALSE,20211007,07-10-2021
10,2021,8,FALSE,40,FALSE,20211008,08-10-2021
10,2021,11,FALSE,41,FALSE,20211011,11-10-2021
10,2021,12,FALSE,41,FALSE,20211012,12-10-2021
10,2021,13,FALSE,41,FALSE,20211013,13-10-2021
10,2021,14,FALSE,41,FALSE,20211014,14-10-2021
10,2021,15,FALSE,41,FALSE,20211015,15-10-2021
10,2021,18,FALSE,42,FALSE,20211018,18-10-2021
10,2021,19,FALSE,42,FALSE,20211019,19-10-2021
10,2021,20,FALSE,42,FALSE,20211020,20-10-2021
10,2021,21,FALSE,42,FALSE,20211021,21-10-2021
10,2021,22,FALSE,42,FALSE,20211022,22-10-2021
10,2021,25,FALSE,43,FALSE,20211025,25-10-2021
10,2021,26,FALSE,43,FALSE,20211026,26-10-2021
10,2021,27,FALSE,43,FALSE,20211027,27-10-2021
10,2021,28,FALSE,43,FALSE,20211028,28-10-2021
10,2021,29,FALSE,43,FALSE,20211029,29-10-2021
11,2021,1,FALSE,44,FALSE,20211101,01-11-2021
11,2021,2,FALSE,44,FALSE,20211102,02-11-2021
11,2021,3,FALSE,44,FALSE,20211103,03-11-2021
11,2021,4,FALSE,44,FALSE,20211104,04-11-2021
11,2021,5,FALSE,44,FALSE,20211105,05-11-2021
11,2021,8,FALSE,45,FALSE,20211108,08-11-2021
11,2021,9,FALSE,45,FALSE,20211109,09-11-2021
11,2021,10,FALSE,45,FALSE,20211110,10-11-2021
11,2021,11,FALSE,45,FALSE,20211111,11-11-2021
11,2021,12,FALSE,45,FALSE,20211112,12-11-2021
11,2021,15,FALSE,46,FALSE,20211115,15-11-2021
11,2021,16,FALSE,46,FALSE,20211116,16-11-2021
11,2021,17,FALSE,46,FALSE,20211117,17-11-2021
11,2021,18,FALSE,46,FALSE,20211118,18-11-2021
11,2021,19,FALSE,46,FALSE,20211119,19-11-2021
11,2021,22,FALSE,47,FALSE,20211122,22-11-2021
11,2021,23,FALSE,47,FALSE,20211123,23-11-2021
11,2021,24,FALSE,47,FALSE,20211124,24-11-2021
11,2021,25,FALSE,47,FALSE,20211125,25-11-2021
11,2021,26,FALSE,47,FALSE,20211126,26-11-2021
11,2021,29,FALSE,48,FALSE,20211129,29-11-2021
11,2021,30,FALSE,48,FALSE,20211130,30-11-2021
12,2021,1,FALSE,48,FALSE,20211201,01-12-2021
12,2021,2,FALSE,48,FALSE,20211202,02-12-2021
12,2021,3,FALSE,48,FALSE,20211203,03-12-2021
12,2021,6,FALSE,49,FALSE,20211206,06-12-2021
12,2021,7,FALSE,49,FALSE,20211207,07-12-2021
12,2021,8,FALSE,49,FALSE,20211208,08-12-2021
12,2021,9,FALSE,49,FALSE,20211209,09-12-2021
12,2021,10,FALSE,49,FALSE,20211210,10-12-2021
12,2021,13,FALSE,50,FALSE,20211213,13-12-2021
12,2021,14,FALSE,50,FALSE,20211214,14-12-2021
12,2021,15,FALSE,50,FALSE,20211215,15-12-2021
12,2021,16,FALSE,50,FALSE,20211216,16-12-2021
12,2021,17,FALSE,50,FALSE,20211217,17-12-2021
12,2021,20,FALSE,51,FALSE,20211220,20-12-2021
12,2021,21,FALSE,51,FALSE,20211221,21-12-2021
12,2021,22,FALSE,51,FALSE,20211222,22-12-2021
12,2021,23,FALSE,51,FALSE,20211223,23-12-2021
12,2021,24,FALSE,51,FALSE,20211224,24-12-2021
12,2021,27,FALSE,52,FALSE,20211227,27-12-2021
12,2021,28,FALSE,52,FALSE,20211228,28-12-2021
12,2021,29,FALSE,52,FALSE,20211229,29-12-2021
12,2021,30,FALSE,52,FALSE,20211230,30-12-2021
12,2021,31,FALSE,52,FALSE,20211231,31-12-2021
1,2022,3,FALSE,1,FALSE,20220103,03-01-2022
1,2022,4,FALSE,1,FALSE,20220104,04-01-2022
1,2022,5,FALSE,1,FALSE,20220105,05-01-2022
1,2022,6,FALSE,1,FALSE,20220106,06-01-2022
1,2022,7,FALSE,1,FALSE,20220107,07-01-2022
1,2022,10,FALSE,2,FALSE,20220110,10-01-2022
1,2022,11,FALSE,2,FALSE,20220111,11-01-2022
1,2022,12,FALSE,2,FALSE,20220112,12-01-2022
1,2022,13,FALSE,2,FALSE,20220113,13-01-2022
1,2022,14,FALSE,2,FALSE,20220114,14-01-2022
1,2022,17,FALSE,3,FALSE,20220117,17-01-2022
1,2022,18,FALSE,3,FALSE,20220118,18-01-2022
1,2022,19,FALSE,3,FALSE,20220119,19-01-2022
1,2022,20,FALSE,3,FALSE,20220120,20-01-2022
1,2022,21,FALSE,3,FALSE,20220121,21-01-2022
1,2022,24,FALSE,4,FALSE,20220124,24-01-2022
1,2022,25,FALSE,4,FALSE,20220125,25-01-2022
1,2022,26,FALSE,4,FALSE,20220126,26-01-2022
1,2022,27,FALSE,4,FALSE,20220127,27-01-2022
1,2022,28,FALSE,4,FALSE,20220128,28-01-2022
1,2022,31,FALSE,5,FALSE,20220131,31-01-2022
2,2022,1,FALSE,5,FALSE,20220201,01-02-2022
2,2022,2,FALSE,5,FALSE,20220202,02-02-2022
2,2022,3,FALSE,5,FALSE,20220203,03-02-2022
2,2022,4,FALSE,5,FALSE,20220204,04-02-2022
2,2022,7,FALSE,6,FALSE,20220207,07-02-2022
2,2022,8,FALSE,6,FALSE,20220208,08-02-2022
2,2022,9,FALSE,6,FALSE,20220209,09-02-2022
2,2022,10,FALSE,6,FALSE,20220210,10-02-2022
2,2022,11,FALSE,6,FALSE,20220211,11-02-2022
2,2022,14,FALSE,7,FALSE,20220214,14-02-2022
2,2022,15,FALSE,7,FALSE,20220215,15-02-2022
2,2022,16,FALSE,7,FALSE,20220216,16-02-2022
2,2022,17,FALSE,7,FALSE,20220217,17-02-2022
2,2022,18,FALSE,7,FALSE,20220218,18-02-2022
2,2022,21,FALSE,8,FALSE,20220221,21-02-2022
2,2022,22,FALSE,8,FALSE,20220222,22-02-2022
2,2022,23,FALSE,8,FALSE,20220223,23-02-2022
2,2022,24,FALSE,8,FALSE,20220224,24-02-2022
2,2022,25,FALSE,8,FALSE,20220225,25-02-2022
2,2022,28,FALSE,9,FALSE,20220228,28-02-2022
3,2022,1,FALSE,9,FALSE,20220301,01-03-2022
3,2022,2,FALSE,9,FALSE,20220302,02-03-2022
3,2022,3,FALSE,9,FALSE,20220303,03-03-2022
3,2022,4,FALSE,9,FALSE,20220304,04-03-2022
3,2022,7,FALSE,10,FALSE,20220307,07-03-2022
3,2022,8,FALSE,10,FALSE,20220308,08-03-2022
3,2022,9,FALSE,10,FALSE,20220309,09-03-2022
3,2022,10,FALSE,10,FALSE,20220310,10-03-2022
3,2022,11,FALSE,10,FALSE,20220311,11-03-2022
3,2022,14,FALSE,11,FALSE,20220314,14-03-2022
3,2022,15,FALSE,11,FALSE,20220315,15-03-2022
3,2022,16,FALSE,11,FALSE,20220316,16-03-2022
3,2022,17,FALSE,11,FALSE,20220317,17-03-2022
3,2022,18,FALSE,11,FALSE,20220318,18-03-2022
3,2022,21,FALSE,12,FALSE,20220321,21-03-2022
3,2022,22,FALSE,12,FALSE,20220322,22-03-2022
3,2022,23,FALSE,12,FALSE,20220323,23-03-2022
3,2022,24,FALSE,12,FALSE,20220324,24-03-2022
3,2022,25,FALSE,12,FALSE,20220325,25-03-2022
3,2022,28,FALSE,13,FALSE,20220328,28-03-2022
3,2022,29,FALSE,13,FALSE,20220329,29-03-2022
3,2022,30,FALSE,13,FALSE,20220330,30-03-2022
3,2022,31,FALSE,13,FALSE,20220331,31-03-2022
4,2022,1,FALSE,13,FALSE,20220401,01-04-2022
4,2022,4,FALSE,14,FALSE,20220404,04-04-2022
4,2022,5,FALSE,14,FALSE,20220405,05-04-2022
4,2022,6,FALSE,14,FALSE,20220406,06-04-2022
4,2022,7,FALSE,14,FALSE,20220407,07-04-2022
4,2022,8,FALSE,14,FALSE,20220408,08-04-2022
4,2022,11,FALSE,15,FALSE,20220411,11-04-2022
4,2022,12,FALSE,15,FALSE,20220412,12-04-2022
4,2022,13,FALSE,15,FALSE,20220413,13-04-2022
4,2022,14,FALSE,15,FALSE,20220414,14-04-2022
4,2022,15,FALSE,15,FALSE,20220415,15-04-2022
4,2022,18,FALSE,16,FALSE,20220418,18-04-2022
4,2022,19,FALSE,16,FALSE,20220419,19-04-2022
4,2022,20,FALSE,16,FALSE,20220420,20-04-2022
4,2022,21,FALSE,16,FALSE,20220421,21-04-2022
4,2022,22,FALSE,16,FALSE,20220422,22-04-2022
4,2022,25,FALSE,17,FALSE,20220425,25-04-2022
4,2022,26,FALSE,17,FALSE,20220426,26-04-2022
4,2022,27,FALSE,17,FALSE,20220427,27-04-2022
4,2022,28,FALSE,17,FALSE,20220428,28-04-2022
4,2022,29,FALSE,17,FALSE,20220429,29-04-2022
5,2022,2,FALSE,18,FALSE,20220502,02-05-2022
5,2022,3,FALSE,18,FALSE,20220503,03-05-2022
5,2022,4,FALSE,18,FALSE,20220504,04-05-2022
5,2022,5,FALSE,18,FALSE,20220505,05-05-2022
5,2022,6,FALSE,18,FALSE,20220506,06-05-2022
5,2022,9,FALSE,19,FALSE,20220509,09-05-2022
5,2022,10,FALSE,19,FALSE,20220510,10-05-2022
5,2022,11,FALSE,19,FALSE,20220511,11-05-2022
5,2022,12,FALSE,19,FALSE,20220512,12-05-2022
5,2022,13,FALSE,19,FALSE,20220513,13-05-2022
5,2022,16,FALSE,20,FALSE,20220516,16-05-2022
5,2022,17,FALSE,20,FALSE,20220517,17-05-2022
5,2022,18,FALSE,20,FALSE,20220518,18-05-2022
5,2022,19,FALSE,20,FALSE,20220519,19-05-2022
5,2022,20,FALSE,20,FALSE,20220520,20-05-2022
5,2022,23,FALSE,21,FALSE,20220523,23-05-2022
5,2022,24,FALSE,21,FALSE,20220524,24-05-2022
5,2022,25,FALSE,21,FALSE,20220525,25-05-2022
5,2022,30,FALSE,22,FALSE,20220530,30-05-2022
5,2022,31,FALSE,22,FALSE,20220531,31-05-2022
6,2022,1,FALSE,22,FALSE,20220601,01-06-2022
6,2022,2,FALSE,22,FALSE,20220602,02-06-2022
6,2022,3,FALSE,22,FALSE,20220603,03-06-2022
6,2022,7,FALSE,23,FALSE,20220607,07-06-2022
6,2022,8,FALSE,23,FALSE,20220608,08-06-2022
6,2022,9,FALSE,23,FALSE,20220609,09-06-2022
6,2022,10,FALSE,23,FALSE,20220610,10-06-2022
6,2022,13,FALSE,24,FALSE,20220613,13-06-2022
6,2022,14,FALSE,24,FALSE,20220614,14-06-2022
6,2022,15,FALSE,24,FALSE,20220615,15-06-2022
6,2022,16,FALSE,24,FALSE,20220616,16-06-2022
6,2022,17,FALSE,24,FALSE,20220617,17-06-2022
6,2022,20,FALSE,25,FALSE,20220620,20-06-2022
6,2022,21,FALSE,25,FALSE,20220621,21-06-2022
6,2022,22,FALSE,25,FALSE,20220622,22-06-2022
6,2022,23,FALSE,25,FALSE,20220623,23-06-2022
6,2022,24,FALSE,25,FALSE,20220624,24-06-2022
6,2022,27,FALSE,26,FALSE,20220627,27-06-2022
6,2022,28,FALSE,26,FALSE,20220628,28-06-2022
6,2022,29,FALSE,26,FALSE,20220629,29-06-2022
6,2022,30,FALSE,26,FALSE,20220630,30-06-2022
7,2022,1,FALSE,26,FALSE,20220701,01-07-2022
7,2022,4,FALSE,27,FALSE,20220704,04-07-2022
7,2022,5,FALSE,27,FALSE,20220705,05-07-2022
7,2022,6,FALSE,27,FALSE,20220706,06-07-2022
7,2022,7,FALSE,27,FALSE,20220707,07-07-2022
7,2022,8,FALSE,27,FALSE,20220708,08-07-2022
7,2022,11,FALSE,28,FALSE,20220711,11-07-2022
7,2022,12,FALSE,28,FALSE,20220712,12-07-2022
7,2022,13,FALSE,28,FALSE,20220713,13-07-2022
7,2022,14,FALSE,28,FALSE,20220714,14-07-2022
7,2022,15,FALSE,28,FALSE,20220715,15-07-2022
7,2022,18,FALSE,29,FALSE,20220718,18-07-2022
7,2022,19,FALSE,29,FALSE,20220719,19-07-2022
7,2022,20,FALSE,29,FALSE,20220720,20-07-2022
7,2022,25,FALSE,30,FALSE,20220725,25-07-2022
7,2022,26,FALSE,30,FALSE,20220726,26-07-2022
7,2022,27,FALSE,30,FALSE,20220727,27-07-2022
7,2022,28,FALSE,30,FALSE,20220728,28-07-2022
7,2022,29,FALSE,30,FALSE,20220729,29-07-2022
8,2022,1,FALSE,31,FALSE,20220801,01-08-2022
8,2022,2,FALSE,31,FALSE,20220802,02-08-2022
8,2022,3,FALSE,31,FALSE,20220803,03-08-2022
8,2022,4,FALSE,31,FALSE,20220804,04-08-2022
8,2022,5,FALSE,31,FALSE,20220805,05-08-2022
8,2022,8,FALSE,32,FALSE,20220808,08-08-2022
8,2022,9,FALSE,32,FALSE,20220809,09-08-2022
8,2022,10,FALSE,32,FALSE,20220810,10-08-2022
8,2022,11,FALSE,32,FALSE,20220811,11-08-2022
8,2022,12,FALSE,32,FALSE,20220812,12-08-2022
8,2022,16,FALSE,33,FALSE,20220816,16-08-2022
8,2022,17,FALSE,33,FALSE,20220817,17-08-2022
8,2022,18,FALSE,33,FALSE,20220818,18-08-2022
8,2022,19,FALSE,33,FALSE,20220819,19-08-2022
8,2022,22,FALSE,34,FALSE,20220822,22-08-2022
8,2022,23,FALSE,34,FALSE,20220823,23-08-2022
8,2022,24,FALSE,34,FALSE,20220824,24-08-2022
8,2022,25,FALSE,34,FALSE,20220825,25-08-2022
8,2022,26,FALSE,34,FALSE,20220826,26-08-2022
8,2022,29,FALSE,35,FALSE,20220829,29-08-2022
8,2022,30,FALSE,35,FALSE,20220830,30-08-2022
8,2022,31,FALSE,35,FALSE,20220831,31-08-2022
9,2022,1,FALSE,35,FALSE,20220901,01-09-2022
9,2022,2,FALSE,35,FALSE,20220902,02-09-2022
9,2022,5,FALSE,36,FALSE,20220905,05-09-2022
9,2022,6,FALSE,36,FALSE,20220906,06-09-2022
9,2022,7,FALSE,36,FALSE,20220907,07-09-2022
9,2022,8,FALSE,36,FALSE,20220908,08-09-2022
9,2022,9,FALSE,36,FALSE,20220909,09-09-2022
9,2022,12,FALSE,37,FALSE,20220912,12-09-2022
9,2022,13,FALSE,37,FALSE,20220913,13-09-2022
9,2022,14,FALSE,37,FALSE,20220914,14-09-2022
9,2022,15,FALSE,37,FALSE,20220915,15-09-2022
9,2022,16,FALSE,37,FALSE,20220916,16-09-2022
9,2022,19,FALSE,38,FALSE,20220919,19-09-2022
9,2022,20,FALSE,38,FALSE,20220920,20-09-2022
9,2022,21,FALSE,38,FALSE,20220921,21-09-2022
9,2022,22,FALSE,38,FALSE,20220922,22-09-2022
9,2022,23,FALSE,38,FALSE,20220923,23-09-2022
9,2022,26,FALSE,39,FALSE,20220926,26-09-2022
9,2022,27,FALSE,39,FALSE,20220927,27-09-2022
9,2022,28,FALSE,39,FALSE,20220928,28-09-2022
9,2022,29,FALSE,39,FALSE,20220929,29-09-2022
9,2022,30,FALSE,39,FALSE,20220930,30-09-2022
10,2022,3,FALSE,40,FALSE,20221003,03-10-2022
10,2022,4,FALSE,40,FALSE,20221004,04-10-2022
10,2022,5,FALSE,40,FALSE,20221005,05-10-2022
10,2022,6,FALSE,40,FALSE,20221006,06-10-2022
10,2022,7,FALSE,40,FALSE,20221007,07-10-2022
10,2022,10,FALSE,41,FALSE,20221010,10-10-2022
10,2022,11,FALSE,41,FALSE,20221011,11-10-2022
10,2022,12,FALSE,41,FALSE,20221012,12-10-2022
10,2022,13,FALSE,41,FALSE,20221013,13-10-2022
10,2022,14,FALSE,41,FALSE,20221014,14-10-2022
10,2022,17,FALSE,42,FALSE,20221017,17-10-2022
10,2022,18,FALSE,42,FALSE,20221018,18-10-2022
10,2022,19,FALSE,42,FALSE,20221019,19-10-2022
10,2022,20,FALSE,42,FALSE,20221020,20-10-2022
10,2022,21,FALSE,42,FALSE,20221021,21-10-2022
10,2022,24,FALSE,43,FALSE,20221024,24-10-2022
10,2022,25,FALSE,43,FALSE,20221025,25-10-2022
10,2022,26,FALSE,43,FALSE,20221026,26-10-2022
10,2022,27,FALSE,43,FALSE,20221027,27-10-2022
10,2022,28,FALSE,43,FALSE,20221028,28-10-2022
11,2022,2,FALSE,44,FALSE,20221102,02-11-2022
11,2022,3,FALSE,44,FALSE,20221103,03-11-2022
11,2022,4,FALSE,44,FALSE,20221104,04-11-2022
11,2022,7,FALSE,45,FALSE,20221107,07-11-2022
11,2022,8,FALSE,45,FALSE,20221108,08-11-2022
11,2022,9,FALSE,45,FALSE,20221109,09-11-2022
11,2022,10,FALSE,45,FALSE,20221110,10-11-2022
11,2022,14,FALSE,46,FALSE,20221114,14-11-2022
11,2022,15,FALSE,46,FALSE,20221115,15-11-2022
11,2022,16,FALSE,46,FALSE,20221116,16-11-2022
11,2022,17,FALSE,46,FALSE,20221117,17-11-2022
11,2022,18,FALSE,46,FALSE,20221118,18-11-2022
11,2022,21,FALSE,47,FALSE,20221121,21-11-2022
11,2022,22,FALSE,47,FALSE,20221122,22-11-2022
11,2022,23,FALSE,47,FALSE,20221123,23-11-2022
11,2022,24,FALSE,47,FALSE,20221124,24-11-2022
11,2022,25,FALSE,47,FALSE,20221125,25-11-2022
11,2022,28,FALSE,48,FALSE,20221128,28-11-2022
11,2022,29,FALSE,48,FALSE,20221129,29-11-2022
11,2022,30,FALSE,48,FALSE,20221130,30-11-2022
12,2022,1,FALSE,48,FALSE,20221201,01-12-2022
12,2022,2,FALSE,48,FALSE,20221202,02-12-2022
12,2022,5,FALSE,49,FALSE,20221205,05-12-2022
12,2022,6,FALSE,49,FALSE,20221206,06-12-2022
12,2022,7,FALSE,49,FALSE,20221207,07-12-2022
12,2022,8,FALSE,49,FALSE,20221208,08-12-2022
12,2022,9,FALSE,49,FALSE,20221209,09-12-2022
12,2022,12,FALSE,50,FALSE,20221212,12-12-2022
12,2022,13,FALSE,50,FALSE,20221213,13-12-2022
12,2022,14,FALSE,50,FALSE,20221214,14-12-2022
12,2022,15,FALSE,50,FALSE,20221215,15-12-2022
12,2022,16,FALSE,50,FALSE,20221216,16-12-2022
12,2022,19,FALSE,51,FALSE,20221219,19-12-2022
12,2022,20,FALSE,51,FALSE,20221220,20-12-2022
12,2022,21,FALSE,51,FALSE,20221221,21-12-2022
12,2022,22,FALSE,51,FALSE,20221222,22-12-2022
12,2022,23,FALSE,51,FALSE,20221223,23-12-2022
1,2023,2,FALSE,1,FALSE,20230102,02-01-2023
1,2023,3,FALSE,1,FALSE,20230103,03-01-2023
1,2023,4,FALSE,1,FALSE,20230104,04-01-2023
1,2023,5,FALSE,1,FALSE,20230105,05-01-2023
1,2023,6,FALSE,1,FALSE,20230106,06-01-2023
1,2023,9,FALSE,2,FALSE,20230109,09-01-2023
1,2023,10,FALSE,2,FALSE,20230110,10-01-2023
1,2023,11,FALSE,2,FALSE,20230111,11-01-2023
1,2023,12,FALSE,2,FALSE,20230112,12-01-2023
1,2023,13,FALSE,2,FALSE,20230113,13-01-2023
1,2023,16,FALSE,3,FALSE,20230116,16-01-2023
1,2023,17,FALSE,3,FALSE,20230117,17-01-2023
1,2023,18,FALSE,3,FALSE,20230118,18-01-2023
1,2023,19,FALSE,3,FALSE,20230119,19-01-2023
1,2023,20,FALSE,3,FALSE,20230120,20-01-2023
1,2023,23,FALSE,4,FALSE,20230123,23-01-2023
1,2023,24,FALSE,4,FALSE,20230124,24-01-2023
1,2023,25,FALSE,4,FALSE,20230125,25-01-2023
1,2023,26,FALSE,4,FALSE,20230126,26-01-2023
1,2023,27,FALSE,4,FALSE,20230127,27-01-2023
1,2023,30,FALSE,5,FALSE,20230130,30-01-2023
1,2023,31,FALSE,5,FALSE,20230131,31-01-2023
2,2023,1,FALSE,5,FALSE,20230201,01-02-2023
2,2023,2,FALSE,5,FALSE,20230202,02-02-2023
2,2023,3,FALSE,5,FALSE,20230203,03-02-2023
2,2023,6,FALSE,6,FALSE,20230206,06-02-2023
2,2023,7,FALSE,6,FALSE,20230207,07-02-2023
2,2023,8,FALSE,6,FALSE,20230208,08-02-2023
2,2023,9,FALSE,6,FALSE,20230209,09-02-2023
2,2023,10,FALSE,6,FALSE,20230210,10-02-2023
2,2023,13,FALSE,7,FALSE,20230213,13-02-2023
2,2023,14,FALSE,7,FALSE,20230214,14-02-2023
2,2023,15,FALSE,7,FALSE,20230215,15-02-2023
2,2023,16,FALSE,7,FALSE,20230216,16-02-2023
2,2023,17,FALSE,7,FALSE,20230217,17-02-2023
2,2023,20,FALSE,8,FALSE,20230220,20-02-2023
2,2023,21,FALSE,8,FALSE,20230221,21-02-2023
2,2023,22,FALSE,8,FALSE,20230222,22-02-2023
2,2023,23,FALSE,8,FALSE,20230223,23-02-2023
2,2023,24,FALSE,8,FALSE,20230224,24-02-2023
2,2023,27,FALSE,9,FALSE,20230227,27-02-2023
2,2023,28,FALSE,9,FALSE,20230228,28-02-2023
3,2023,1,FALSE,9,FALSE,20230301,01-03-2023
3,2023,2,FALSE,9,FALSE,20230302,02-03-2023
3,2023,3,FALSE,9,FALSE,20230303,03-03-2023
3,2023,6,FALSE,10,FALSE,20230306,06-03-2023
3,2023,7,FALSE,10,FALSE,20230307,07-03-2023
3,2023,8,FALSE,10,FALSE,20230308,08-03-2023
3,2023,9,FALSE,10,FALSE,20230309,09-03-2023
3,2023,10,FALSE,10,FALSE,20230310,10-03-2023
3,2023,13,FALSE,11,FALSE,20230313,13-03-2023
3,2023,14,FALSE,11,FALSE,20230314,14-03-2023
3,2023,15,FALSE,11,FALSE,20230315,15-03-2023
3,2023,16,FALSE,11,FALSE,20230316,16-03-2023
3,2023,17,FALSE,11,FALSE,20230317,17-03-2023
3,2023,20,FALSE,12,FALSE,20230320,20-03-2023
3,2023,21,FALSE,12,FALSE,20230321,21-03-2023
3,2023,22,FALSE,12,FALSE,20230322,22-03-2023
3,2023,23,FALSE,12,FALSE,20230323,23-03-2023
3,2023,24,FALSE,12,FALSE,20230324,24-03-2023
3,2023,27,FALSE,13,FALSE,20230327,27-03-2023
3,2023,28,FALSE,13,FALSE,20230328,28-03-2023
3,2023,29,FALSE,13,FALSE,20230329,29-03-2023
3,2023,30,FALSE,13,FALSE,20230330,30-03-2023
3,2023,31,FALSE,13,FALSE,20230331,31-03-2023
4,2023,3,FALSE,14,FALSE,20230403,03-04-2023
4,2023,4,FALSE,14,FALSE,20230404,04-04-2023
4,2023,5,FALSE,14,FALSE,20230405,05-04-2023
4,2023,6,FALSE,14,FALSE,20230406,06-04-2023
4,2023,7,FALSE,14,FALSE,20230407,07-04-2023
4,2023,11,FALSE,15,FALSE,20230411,11-04-2023
4,2023,12,FALSE,15,FALSE,20230412,12-04-2023
4,2023,13,FALSE,15,FALSE,20230413,13-04-2023
4,2023,14,FALSE,15,FALSE,20230414,14-04-2023
4,2023,17,FALSE,16,FALSE,20230417,17-04-2023
4,2023,18,FALSE,16,FALSE,20230418,18-04-2023
4,2023,19,FALSE,16,FALSE,20230419,19-04-2023
4,2023,20,FALSE,16,FALSE,20230420,20-04-2023
4,2023,21,FALSE,16,FALSE,20230421,21-04-2023
4,2023,24,FALSE,17,FALSE,20230424,24-04-2023
4,2023,25,FALSE,17,FALSE,20230425,25-04-2023
4,2023,26,FALSE,17,FALSE,20230426,26-04-2023
4,2023,27,FALSE,17,FALSE,20230427,27-04-2023
4,2023,28,FALSE,17,FALSE,20230428,28-04-2023
5,2023,2,FALSE,18,FALSE,20230502,02-05-2023
5,2023,3,FALSE,18,FALSE,20230503,03-05-2023
5,2023,4,FALSE,18,FALSE,20230504,04-05-2023
5,2023,5,FALSE,18,FALSE,20230505,05-05-2023
5,2023,8,FALSE,19,FALSE,20230508,08-05-2023
5,2023,9,FALSE,19,FALSE,20230509,09-05-2023
5,2023,10,FALSE,19,FALSE,20230510,10-05-2023
5,2023,11,FALSE,19,FALSE,20230511,11-05-2023
5,2023,12,FALSE,19,FALSE,20230512,12-05-2023
5,2023,15,FALSE,20,FALSE,20230515,15-05-2023
5,2023,16,FALSE,20,FALSE,20230516,16-05-2023
5,2023,17,FALSE,20,FALSE,20230517,17-05-2023
5,2023,22,FALSE,21,FALSE,20230522,22-05-2023
5,2023,23,FALSE,21,FALSE,20230523,23-05-2023
5,2023,24,FALSE,21,FALSE,20230524,24-05-2023
5,2023,25,FALSE,21,FALSE,20230525,25-05-2023
5,2023,26,FALSE,21,FALSE,20230526,26-05-2023
5,2023,30,FALSE,22,FALSE,20230530,30-05-2023
5,2023,31,FALSE,22,FALSE,20230531,31-05-2023
6,2023,1,FALSE,22,FALSE,20230601,01-06-2023
6,2023,2,FALSE,22,FALSE,20230602,02-06-2023
6,2023,5,FALSE,23,FALSE,20230605,05-06-2023
6,2023,6,FALSE,23,FALSE,20230606,06-06-2023
6,2023,7,FALSE,23,FALSE,20230607,07-06-2023
6,2023,8,FALSE,23,FALSE,20230608,08-06-2023
6,2023,9,FALSE,23,FALSE,20230609,09-06-2023
6,2023,12,FALSE,24,FALSE,20230612,12-06-2023
6,2023,13,FALSE,24,FALSE,20230613,13-06-2023
6,2023,14,FALSE,24,FALSE,20230614,14-06-2023
6,2023,15,FALSE,24,FALSE,20230615,15-06-2023
6,2023,16,FALSE,24,FALSE,20230616,16-06-2023
6,2023,19,FALSE,25,FALSE,20230619,19-06-2023
6,2023,20,FALSE,25,FALSE,20230620,20-06-2023
6,2023,21,FALSE,25,FALSE,20230621,21-06-2023
6,2023,22,FALSE,25,FALSE,20230622,22-06-2023
6,2023,23,FALSE,25,FALSE,20230623,23-06-2023
6,2023,26,FALSE,26,FALSE,20230626,26-06-2023
6,2023,27,FALSE,26,FALSE,20230627,27-06-2023
6,2023,28,FALSE,26,FALSE,20230628,28-06-2023
6,2023,29,FALSE,26,FALSE,20230629,29-06-2023
6,2023,30,FALSE,26,FALSE,20230630,30-06-2023
7,2023,3,FALSE,27,FALSE,20230703,03-07-2023
7,2023,4,FALSE,27,FALSE,20230704,04-07-2023
7,2023,5,FALSE,27,FALSE,20230705,05-07-2023
7,2023,6,FALSE,27,FALSE,20230706,06-07-2023
7,2023,7,FALSE,27,FALSE,20230707,07-07-2023
7,2023,10,FALSE,28,FALSE,20230710,10-07-2023
7,2023,11,FALSE,28,FALSE,20230711,11-07-2023
7,2023,12,FALSE,28,FALSE,20230712,12-07-2023
7,2023,13,FALSE,28,FALSE,20230713,13-07-2023
7,2023,14,FALSE,28,FALSE,20230714,14-07-2023
7,2023,17,FALSE,29,FALSE,20230717,17-07-2023
7,2023,18,FALSE,29,FALSE,20230718,18-07-2023
7,2023,19,FALSE,29,FALSE,20230719,19-07-2023
7,2023,20,FALSE,29,FALSE,20230720,20-07-2023
7,2023,24,FALSE,30,FALSE,20230724,24-07-2023
7,2023,25,FALSE,30,FALSE,20230725,25-07-2023
7,2023,26,FALSE,30,FALSE,20230726,26-07-2023
7,2023,27,FALSE,30,FALSE,20230727,27-07-2023
7,2023,28,FALSE,30,FALSE,20230728,28-07-2023
7,2023,31,FALSE,31,FALSE,20230731,31-07-2023
8,2023,1,FALSE,31,FALSE,20230801,01-08-2023
8,2023,2,FALSE,31,FALSE,20230802,02-08-2023
8,2023,3,FALSE,31,FALSE,20230803,03-08-2023
8,2023,4,FALSE,31,FALSE,20230804,04-08-2023
8,2023,7,FALSE,32,FALSE,20230807,07-08-2023
8,2023,8,FALSE,32,FALSE,20230808,08-08-2023
8,2023,9,FALSE,32,FALSE,20230809,09-08-2023
8,2023,10,FALSE,32,FALSE,20230810,10-08-2023
8,2023,11,FALSE,32,FALSE,20230811,11-08-2023
8,2023,16,FALSE,33,FALSE,20230816,16-08-2023
8,2023,17,FALSE,33,FALSE,20230817,17-08-2023
8,2023,18,FALSE,33,FALSE,20230818,18-08-2023
8,2023,21,FALSE,34,FALSE,20230821,21-08-2023
8,2023,22,FALSE,34,FALSE,20230822,22-08-2023
8,2023,23,FALSE,34,FALSE,20230823,23-08-2023
8,2023,24,FALSE,34,FALSE,20230824,24-08-2023
8,2023,25,FALSE,34,FALSE,20230825,25-08-2023
8,2023,28,FALSE,35,FALSE,20230828,28-08-2023
8,2023,29,FALSE,35,FALSE,20230829,29-08-2023
8,2023,30,FALSE,35,FALSE,20230830,30-08-2023
8,2023,31,FALSE,35,FALSE,20230831,31-08-2023
9,2023,1,FALSE,35,FALSE,20230901,01-09-2023
9,2023,4,FALSE,36,FALSE,20230904,04-09-2023
9,2023,5,FALSE,36,FALSE,20230905,05-09-2023
9,2023,6,FALSE,36,FALSE,20230906,06-09-2023
9,2023,7,FALSE,36,FALSE,20230907,07-09-2023
9,2023,8,FALSE,36,FALSE,20230908,08-09-2023
9,2023,11,FALSE,37,FALSE,20230911,11-09-2023
9,2023,12,FALSE,37,FALSE,20230912,12-09-2023
9,2023,13,FALSE,37,FALSE,20230913,13-09-2023
9,2023,14,FALSE,37,FALSE,20230914,14-09-2023
9,2023,15,FALSE,37,FALSE,20230915,15-09-2023
9,2023,18,FALSE,38,FALSE,20230918,18-09-2023
9,2023,19,FALSE,38,FALSE,20230919,19-09-2023
9,2023,20,FALSE,38,FALSE,20230920,20-09-2023
9,2023,21,FALSE,38,FALSE,20230921,21-09-2023
9,2023,22,FALSE,38,FALSE,20230922,22-09-2023
9,2023,25,FALSE,39,FALSE,20230925,25-09-2023
9,2023,26,FALSE,39,FALSE,20230926,26-09-2023
9,2023,27,FALSE,39,FALSE,20230927,27-09-2023
9,2023,28,FALSE,39,FALSE,20230928,28-09-2023
9,2023,29,FALSE,39,FALSE,20230929,29-09-2023
10,2023,2,FALSE,40,FALSE,20231002,02-10-2023
10,2023,3,FALSE,40,FALSE,20231003,03-10-2023
10,2023,4,FALSE,40,FALSE,20231004,04-10-2023
10,2023,5,FALSE,40,FALSE,20231005,05-10-2023
10,2023,6,FALSE,40,FALSE,20231006,06-10-2023
10,2023,9,FALSE,41,FALSE,20231009,09-10-2023
10,2023,10,FALSE,41,FALSE,20231010,10-10-2023
10,2023,11,FALSE,41,FALSE,20231011,11-10-2023
10,2023,12,FALSE,41,FALSE,20231012,12-10-2023
10,2023,13,FALSE,41,FALSE,20231013,13-10-2023
10,2023,16,FALSE,42,FALSE,20231016,16-10-2023
10,2023,17,FALSE,42,FALSE,20231017,17-10-2023
10,2023,18,FALSE,42,FALSE,20231018,18-10-2023
10,2023,19,FALSE,42,FALSE,20231019,19-10-2023
10,2023,20,FALSE,42,FALSE,20231020,20-10-2023
10,2023,23,FALSE,43,FALSE,20231023,23-10-2023
10,2023,24,FALSE,43,FALSE,20231024,24-10-2023
10,2023,25,FALSE,43,FALSE,20231025,25-10-2023
10,2023,26,FALSE,43,FALSE,20231026,26-10-2023
10,2023,27,FALSE,43,FALSE,20231027,27-10-2023
10,2023,30,FALSE,44,FALSE,20231030,30-10-2023
10,2023,31,FALSE,44,FALSE,20231031,31-10-2023
11,2023,2,FALSE,44,FALSE,20231102,02-11-2023
11,2023,3,FALSE,44,FALSE,20231103,03-11-2023
11,2023,6,FALSE,45,FALSE,20231106,06-11-2023
11,2023,7,FALSE,45,FALSE,20231107,07-11-2023
11,2023,8,FALSE,45,FALSE,20231108,08-11-2023
11,2023,9,FALSE,45,FALSE,20231109,09-11-2023
11,2023,10,FALSE,45,FALSE,20231110,10-11-2023
11,2023,13,FALSE,46,FALSE,20231113,13-11-2023
11,2023,14,FALSE,46,FALSE,20231114,14-11-2023
11,2023,15,FALSE,46,FALSE,20231115,15-11-2023
11,2023,16,FALSE,46,FALSE,20231116,16-11-2023
11,2023,17,FALSE,46,FALSE,20231117,17-11-2023
11,2023,20,FALSE,47,FALSE,20231120,20-11-2023
11,2023,21,FALSE,47,FALSE,20231121,21-11-2023
11,2023,22,FALSE,47,FALSE,20231122,22-11-2023
11,2023,23,FALSE,47,FALSE,20231123,23-11-2023
11,2023,24,FALSE,47,FALSE,20231124,24-11-2023
11,2023,27,FALSE,48,FALSE,20231127,27-11-2023
11,2023,28,FALSE,48,FALSE,20231128,28-11-2023
11,2023,29,FALSE,48,FALSE,20231129,29-11-2023
11,2023,30,FALSE,48,FALSE,20231130,30-11-2023
12,2023,1,FALSE,48,FALSE,20231201,01-12-2023
12,2023,4,FALSE,49,FALSE,20231204,04-12-2023
12,2023,5,FALSE,49,FALSE,20231205,05-12-2023
12,2023,6,FALSE,49,FALSE,20231206,06-12-2023
12,2023,7,FALSE,49,FALSE,20231207,07-12-2023
12,2023,8,FALSE,49,FALSE,20231208,08-12-2023
12,2023,11,FALSE,50,FALSE,20231211,11-12-2023
12,2023,12,FALSE,50,FALSE,20231212,12-12-2023
12,2023,13,FALSE,50,FALSE,20231213,13-12-2023
12,2023,14,FALSE,50,FALSE,20231214,14-12-2023
12,2023,15,FALSE,50,FALSE,20231215,15-12-2023
12,2023,18,FALSE,51,FALSE,20231218,18-12-2023
12,2023,19,FALSE,51,FALSE,20231219,19-12-2023
12,2023,20,FALSE,51,FALSE,20231220,20-12-2023
12,2023,21,FALSE,51,FALSE,20231221,21-12-2023
12,2023,22,FALSE,51,FALSE,20231222,22-12-2023
8,2019,14,FALSE,33,FALSE,20190814,14-08-2019
8,2019,15,FALSE,33,FALSE,20190815,15-08-2019
8,2019,16,FALSE,33,FALSE,20190816,16-08-2019
8,2019,19,FALSE,34,FALSE,20190819,19-08-2019
8,2019,20,FALSE,34,FALSE,20190820,20-08-2019
8,2019,21,FALSE,34,FALSE,20190821,21-08-2019
8,2019,22,FALSE,34,FALSE,20190822,22-08-2019
8,2019,23,FALSE,34,FALSE,20190823,23-08-2019
8,2019,26,FALSE,35,FALSE,20190826,26-08-2019
8,2019,27,FALSE,35,FALSE,20190827,27-08-2019
8,2019,28,FALSE,35,FALSE,20190828,28-08-2019
8,2019,29,FALSE,35,FALSE,20190829,29-08-2019
8,2019,30,FALSE,35,FALSE,20190830,30-08-2019
9,2019,2,FALSE,36,FALSE,20190902,02-09-2019
9,2019,3,FALSE,36,FALSE,20190903,03-09-2019
9,2019,4,FALSE,36,FALSE,20190904,04-09-2019
9,2019,5,FALSE,36,FALSE,20190905,05-09-2019
9,2019,6,FALSE,36,FALSE,20190906,06-09-2019
9,2019,9,FALSE,37,FALSE,20190909,09-09-2019
9,2019,10,FALSE,37,FALSE,20190910,10-09-2019
9,2019,11,FALSE,37,FALSE,20190911,11-09-2019
9,2019,12,FALSE,37,FALSE,20190912,12-09-2019
9,2019,13,FALSE,37,FALSE,20190913,13-09-2019
9,2019,16,FALSE,38,FALSE,20190916,16-09-2019
9,2019,17,FALSE,38,FALSE,20190917,17-09-2019
9,2019,18,FALSE,38,FALSE,20190918,18-09-2019
9,2019,19,FALSE,38,FALSE,20190919,19-09-2019
9,2019,20,FALSE,38,FALSE,20190920,20-09-2019
9,2019,23,FALSE,39,FALSE,20190923,23-09-2019
9,2019,24,FALSE,39,FALSE,20190924,24-09-2019
9,2019,25,FALSE,39,FALSE,20190925,25-09-2019
9,2019,26,FALSE,39,FALSE,20190926,26-09-2019
9,2019,27,FALSE,39,FALSE,20190927,27-09-2019
9,2019,30,FALSE,40,FALSE,20190930,30-09-2019
10,2019,1,FALSE,40,FALSE,20191001,01-10-2019
10,2019,2,FALSE,40,FALSE,20191002,02-10-2019
10,2019,3,FALSE,40,FALSE,20191003,03-10-2019
10,2019,4,FALSE,40,FALSE,20191004,04-10-2019
10,2019,7,FALSE,41,FALSE,20191007,07-10-2019
10,2019,8,FALSE,41,FALSE,20191008,08-10-2019
10,2019,9,FALSE,41,FALSE,20191009,09-10-2019
10,2019,10,FALSE,41,FALSE,20191010,10-10-2019
10,2019,11,FALSE,41,FALSE,20191011,11-10-2019
10,2019,14,FALSE,42,FALSE,20191014,14-10-2019
10,2019,15,FALSE,42,FALSE,20191015,15-10-2019
10,2019,16,FALSE,42,FALSE,20191016,16-10-2019
10,2019,17,FALSE,42,FALSE,20191017,17-10-2019
10,2019,18,FALSE,42,FALSE,20191018,18-10-2019
10,2019,21,FALSE,43,FALSE,20191021,21-10-2019
10,2019,22,FALSE,43,FALSE,20191022,22-10-2019
10,2019,23,FALSE,43,FALSE,20191023,23-10-2019
10,2019,24,FALSE,43,FALSE,20191024,24-10-2019
10,2019,25,FALSE,43,FALSE,20191025,25-10-2019
10,2019,28,FALSE,44,FALSE,20191028,28-10-2019
10,2019,29,FALSE,44,FALSE,20191029,29-10-2019
10,2019,30,FALSE,44,FALSE,20191030,30-10-2019
10,2019,31,FALSE,44,FALSE,20191031,31-10-2019
11,2019,1,FALSE,44,FALSE,20191101,01-11-2019
11,2019,4,FALSE,45,FALSE,20191104,04-11-2019
11,2019,5,FALSE,45,FALSE,20191105,05-11-2019
11,2019,6,FALSE,45,FALSE,20191106,06-11-2019
11,2019,7,FALSE,45,FALSE,20191107,07-11-2019
11,2019,8,FALSE,45,FALSE,20191108,08-11-2019
11,2019,11,FALSE,46,FALSE,20191111,11-11-2019
11,2019,12,FALSE,46,FALSE,20191112,12-11-2019
11,2019,13,FALSE,46,FALSE,20191113,13-11-2019
11,2019,14,FALSE,46,FALSE,20191114,14-11-2019
11,2019,15,FALSE,46,FALSE,20191115,15-11-2019
11,2019,18,FALSE,47,FALSE,20191118,18-11-2019
11,2019,19,FALSE,47,FALSE,20191119,19-11-2019
11,2019,20,FALSE,47,FALSE,20191120,20-11-2019
11,2019,21,FALSE,47,FALSE,20191121,21-11-2019
11,2019,22,FALSE,47,FALSE,20191122,22-11-2019
11,2019,25,FALSE,48,FALSE,20191125,25-11-2019
11,2019,26,FALSE,48,FALSE,20191126,26-11-2019
11,2019,27,FALSE,48,FALSE,20191127,27-11-2019
11,2019,28,FALSE,48,FALSE,20191128,28-11-2019
11,2019,29,FALSE,48,FALSE,20191129,29-11-2019
12,2019,2,FALSE,49,FALSE,20191202,02-12-2019
12,2019,3,FALSE,49,FALSE,20191203,03-12-2019
12,2019,4,FALSE,49,FALSE,20191204,04-12-2019
12,2019,5,FALSE,49,FALSE,20191205,05-12-2019
12,2019,6,FALSE,49,FALSE,20191206,06-12-2019
12,2019,9,FALSE,50,FALSE,20191209,09-12-2019
12,2019,10,FALSE,50,FALSE,20191210,10-12-2019
12,2019,11,FALSE,50,FALSE,20191211,11-12-2019
12,2019,12,FALSE,50,FALSE,20191212,12-12-2019
12,2019,13,FALSE,50,FALSE,20191213,13-12-2019
12,2019,16,FALSE,51,FALSE,20191216,16-12-2019
12,2019,17,FALSE,51,FALSE,20191217,17-12-2019
12,2019,18,FALSE,51,FALSE,20191218,18-12-2019
12,2019,19,FALSE,51,FALSE,20191219,19-12-2019
12,2019,20,FALSE,51,FALSE,20191220,20-12-2019
12,2019,23,FALSE,52,FALSE,20191223,23-12-2019
12,2019,24,FALSE,52,FALSE,20191224,24-12-2019
12,2019,25,FALSE,52,FALSE,20191225,25-12-2019
12,2019,26,FALSE,52,FALSE,20191226,26-12-2019
12,2019,27,FALSE,52,FALSE,20191227,27-12-2019
12,2019,30,FALSE,1,FALSE,20191230,30-12-2019
12,2019,31,FALSE,1,FALSE,20191231,31-12-2019
1,2024,1,FALSE,1,FALSE,20240101,01-01-2024
8,2019,17,FALSE,33,TRUE,20190817,17-08-2019
8,2019,18,FALSE,33,TRUE,20190818,18-08-2019
8,2019,24,FALSE,34,TRUE,20190824,24-08-2019
8,2019,25,FALSE,34,TRUE,20190825,25-08-2019
8,2019,31,FALSE,35,TRUE,20190831,31-08-2019
9,2019,1,FALSE,35,TRUE,20190901,01-09-2019
9,2019,7,FALSE,36,TRUE,20190907,07-09-2019
9,2019,8,FALSE,36,TRUE,20190908,08-09-2019
9,2019,14,FALSE,37,TRUE,20190914,14-09-2019
9,2019,15,FALSE,37,TRUE,20190915,15-09-2019
9,2019,21,FALSE,38,TRUE,20190921,21-09-2019
9,2019,22,FALSE,38,TRUE,20190922,22-09-2019
9,2019,28,FALSE,39,TRUE,20190928,28-09-2019
9,2019,29,FALSE,39,TRUE,20190929,29-09-2019
10,2019,5,FALSE,40,TRUE,20191005,05-10-2019
10,2019,6,FALSE,40,TRUE,20191006,06-10-2019
10,2019,12,FALSE,41,TRUE,20191012,12-10-2019
10,2019,13,FALSE,41,TRUE,20191013,13-10-2019
10,2019,19,FALSE,42,TRUE,20191019,19-10-2019
10,2019,20,FALSE,42,TRUE,20191020,20-10-2019
10,2019,26,FALSE,43,TRUE,20191026,26-10-2019
10,2019,27,FALSE,43,TRUE,20191027,27-10-2019
11,2019,2,FALSE,44,TRUE,20191102,02-11-2019
11,2019,3,FALSE,44,TRUE,20191103,03-11-2019
11,2019,9,FALSE,45,TRUE,20191109,09-11-2019
11,2019,10,FALSE,45,TRUE,20191110,10-11-2019
11,2019,16,FALSE,46,TRUE,20191116,16-11-2019
11,2019,17,FALSE,46,TRUE,20191117,17-11-2019
11,2019,23,FALSE,47,TRUE,20191123,23-11-2019
11,2019,24,FALSE,47,TRUE,20191124,24-11-2019
11,2019,30,FALSE,48,TRUE,20191130,30-11-2019
12,2019,1,FALSE,48,TRUE,20191201,01-12-2019
12,2019,7,FALSE,49,TRUE,20191207,07-12-2019
12,2019,8,FALSE,49,TRUE,20191208,08-12-2019
12,2019,14,FALSE,50,TRUE,20191214,14-12-2019
12,2019,15,FALSE,50,TRUE,20191215,15-12-2019
12,2019,21,FALSE,51,TRUE,20191221,21-12-2019
12,2019,22,FALSE,51,TRUE,20191222,22-12-2019
12,2019,28,FALSE,52,TRUE,20191228,28-12-2019
12,2019,29,FALSE,52,TRUE,20191229,29-12-2019
1,2023,7,FALSE,1,TRUE,20230107,07-01-2023
1,2023,8,FALSE,1,TRUE,20230108,08-01-2023
1,2023,14,FALSE,2,TRUE,20230114,14-01-2023
1,2023,15,FALSE,2,TRUE,20230115,15-01-2023
1,2023,21,FALSE,3,TRUE,20230121,21-01-2023
1,2023,22,FALSE,3,TRUE,20230122,22-01-2023
1,2023,28,FALSE,4,TRUE,20230128,28-01-2023
1,2023,29,FALSE,4,TRUE,20230129,29-01-2023
2,2023,4,FALSE,5,TRUE,20230204,04-02-2023
2,2023,5,FALSE,5,TRUE,20230205,05-02-2023
2,2023,11,FALSE,6,TRUE,20230211,11-02-2023
2,2023,12,FALSE,6,TRUE,20230212,12-02-2023
2,2023,18,FALSE,7,TRUE,20230218,18-02-2023
2,2023,19,FALSE,7,TRUE,20230219,19-02-2023
2,2023,25,FALSE,8,TRUE,20230225,25-02-2023
2,2023,26,FALSE,8,TRUE,20230226,26-02-2023
3,2023,4,FALSE,9,TRUE,20230304,04-03-2023
3,2023,5,FALSE,9,TRUE,20230305,05-03-2023
3,2023,11,FALSE,10,TRUE,20230311,11-03-2023
3,2023,12,FALSE,10,TRUE,20230312,12-03-2023
3,2023,18,FALSE,11,TRUE,20230318,18-03-2023
3,2023,19,FALSE,11,TRUE,20230319,19-03-2023
3,2023,25,FALSE,12,TRUE,20230325,25-03-2023
3,2023,26,FALSE,12,TRUE,20230326,26-03-2023
4,2023,1,FALSE,13,TRUE,20230401,01-04-2023
4,2023,2,FALSE,13,TRUE,20230402,02-04-2023
4,2023,8,FALSE,14,TRUE,20230408,08-04-2023
4,2023,9,FALSE,14,TRUE,20230409,09-04-2023
4,2023,15,FALSE,15,TRUE,20230415,15-04-2023
4,2023,16,FALSE,15,TRUE,20230416,16-04-2023
4,2023,22,FALSE,16,TRUE,20230422,22-04-2023
4,2023,23,FALSE,16,TRUE,20230423,23-04-2023
4,2023,29,FALSE,17,TRUE,20230429,29-04-2023
4,2023,30,FALSE,17,TRUE,20230430,30-04-2023
5,2023,6,FALSE,18,TRUE,20230506,06-05-2023
5,2023,7,FALSE,18,TRUE,20230507,07-05-2023
5,2023,13,FALSE,19,TRUE,20230513,13-05-2023
5,2023,14,FALSE,19,TRUE,20230514,14-05-2023
5,2023,20,FALSE,20,TRUE,20230520,20-05-2023
5,2023,21,FALSE,20,TRUE,20230521,21-05-2023
5,2023,27,FALSE,21,TRUE,20230527,27-05-2023
5,2023,28,FALSE,21,TRUE,20230528,28-05-2023
6,2023,3,FALSE,22,TRUE,20230603,03-06-2023
6,2023,4,FALSE,22,TRUE,20230604,04-06-2023
6,2023,10,FALSE,23,TRUE,20230610,10-06-2023
6,2023,11,FALSE,23,TRUE,20230611,11-06-2023
6,2023,17,FALSE,24,TRUE,20230617,17-06-2023
6,2023,18,FALSE,24,TRUE,20230618,18-06-2023
6,2023,24,FALSE,25,TRUE,20230624,24-06-2023
6,2023,25,FALSE,25,TRUE,20230625,25-06-2023
7,2023,1,FALSE,26,TRUE,20230701,01-07-2023
7,2023,2,FALSE,26,TRUE,20230702,02-07-2023
7,2023,8,FALSE,27,TRUE,20230708,08-07-2023
7,2023,9,FALSE,27,TRUE,20230709,09-07-2023
7,2023,15,FALSE,28,TRUE,20230715,15-07-2023
7,2023,16,FALSE,28,TRUE,20230716,16-07-2023
7,2023,22,FALSE,29,TRUE,20230722,22-07-2023
7,2023,23,FALSE,29,TRUE,20230723,23-07-2023
7,2023,29,FALSE,30,TRUE,20230729,29-07-2023
7,2023,30,FALSE,30,TRUE,20230730,30-07-2023
8,2023,5,FALSE,31,TRUE,20230805,05-08-2023
8,2023,6,FALSE,31,TRUE,20230806,06-08-2023
8,2023,12,FALSE,32,TRUE,20230812,12-08-2023
8,2023,13,FALSE,32,TRUE,20230813,13-08-2023
8,2023,19,FALSE,33,TRUE,20230819,19-08-2023
8,2023,20,FALSE,33,TRUE,20230820,20-08-2023
8,2023,26,FALSE,34,TRUE,20230826,26-08-2023
8,2023,27,FALSE,34,TRUE,20230827,27-08-2023
9,2023,2,FALSE,35,TRUE,20230902,02-09-2023
9,2023,3,FALSE,35,TRUE,20230903,03-09-2023
9,2023,9,FALSE,36,TRUE,20230909,09-09-2023
9,2023,10,FALSE,36,TRUE,20230910,10-09-2023
9,2023,16,FALSE,37,TRUE,20230916,16-09-2023
9,2023,17,FALSE,37,TRUE,20230917,17-09-2023
9,2023,23,FALSE,38,TRUE,20230923,23-09-2023
9,2023,24,FALSE,38,TRUE,20230924,24-09-2023
9,2023,30,FALSE,39,TRUE,20230930,30-09-2023
10,2023,1,FALSE,39,TRUE,20231001,01-10-2023
10,2023,7,FALSE,40,TRUE,20231007,07-10-2023
10,2023,8,FALSE,40,TRUE,20231008,08-10-2023
10,2023,14,FALSE,41,TRUE,20231014,14-10-2023
10,2023,15,FALSE,41,TRUE,20231015,15-10-2023
10,2023,21,FALSE,42,TRUE,20231021,21-10-2023
10,2023,22,FALSE,42,TRUE,20231022,22-10-2023
10,2023,28,FALSE,43,TRUE,20231028,28-10-2023
10,2023,29,FALSE,43,TRUE,20231029,29-10-2023
11,2023,4,FALSE,44,TRUE,20231104,04-11-2023
11,2023,5,FALSE,44,TRUE,20231105,05-11-2023
11,2023,12,FALSE,45,TRUE,20231112,12-11-2023
11,2023,18,FALSE,46,TRUE,20231118,18-11-2023
11,2023,19,FALSE,46,TRUE,20231119,19-11-2023
11,2023,25,FALSE,47,TRUE,20231125,25-11-2023
11,2023,26,FALSE,47,TRUE,20231126,26-11-2023
12,2023,2,FALSE,48,TRUE,20231202,02-12-2023
12,2023,3,FALSE,48,TRUE,20231203,03-12-2023
12,2023,9,FALSE,49,TRUE,20231209,09-12-2023
12,2023,10,FALSE,49,TRUE,20231210,10-12-2023
12,2023,16,FALSE,50,TRUE,20231216,16-12-2023
12,2023,17,FALSE,50,TRUE,20231217,17-12-2023
12,2023,23,FALSE,51,TRUE,20231223,23-12-2023
12,2023,24,FALSE,51,TRUE,20231224,24-12-2023
12,2023,30,FALSE,52,TRUE,20231230,30-12-2023
12,2023,31,FALSE,52,TRUE,20231231,31-12-2023
1,2022,2,FALSE,52,TRUE,20220102,02-01-2022
1,2022,8,FALSE,1,TRUE,20220108,08-01-2022
1,2022,9,FALSE,1,TRUE,20220109,09-01-2022
1,2022,15,FALSE,2,TRUE,20220115,15-01-2022
1,2022,16,FALSE,2,TRUE,20220116,16-01-2022
1,2022,22,FALSE,3,TRUE,20220122,22-01-2022
1,2022,23,FALSE,3,TRUE,20220123,23-01-2022
1,2022,29,FALSE,4,TRUE,20220129,29-01-2022
1,2022,30,FALSE,4,TRUE,20220130,30-01-2022
2,2022,5,FALSE,5,TRUE,20220205,05-02-2022
2,2022,6,FALSE,5,TRUE,20220206,06-02-2022
2,2022,12,FALSE,6,TRUE,20220212,12-02-2022
2,2022,13,FALSE,6,TRUE,20220213,13-02-2022
2,2022,19,FALSE,7,TRUE,20220219,19-02-2022
2,2022,20,FALSE,7,TRUE,20220220,20-02-2022
2,2022,26,FALSE,8,TRUE,20220226,26-02-2022
2,2022,27,FALSE,8,TRUE,20220227,27-02-2022
3,2022,5,FALSE,9,TRUE,20220305,05-03-2022
3,2022,6,FALSE,9,TRUE,20220306,06-03-2022
3,2022,12,FALSE,10,TRUE,20220312,12-03-2022
3,2022,13,FALSE,10,TRUE,20220313,13-03-2022
3,2022,19,FALSE,11,TRUE,20220319,19-03-2022
3,2022,20,FALSE,11,TRUE,20220320,20-03-2022
3,2022,26,FALSE,12,TRUE,20220326,26-03-2022
3,2022,27,FALSE,12,TRUE,20220327,27-03-2022
4,2022,2,FALSE,13,TRUE,20220402,02-04-2022
4,2022,3,FALSE,13,TRUE,20220403,03-04-2022
4,2022,9,FALSE,14,TRUE,20220409,09-04-2022
4,2022,10,FALSE,14,TRUE,20220410,10-04-2022
4,2022,16,FALSE,15,TRUE,20220416,16-04-2022
4,2022,17,FALSE,15,TRUE,20220417,17-04-2022
4,2022,23,FALSE,16,TRUE,20220423,23-04-2022
4,2022,24,FALSE,16,TRUE,20220424,24-04-2022
4,2022,30,FALSE,17,TRUE,20220430,30-04-2022
5,2022,1,FALSE,17,TRUE,20220501,01-05-2022
5,2022,7,FALSE,18,TRUE,20220507,07-05-2022
5,2022,8,FALSE,18,TRUE,20220508,08-05-2022
5,2022,14,FALSE,19,TRUE,20220514,14-05-2022
5,2022,15,FALSE,19,TRUE,20220515,15-05-2022
5,2022,21,FALSE,20,TRUE,20220521,21-05-2022
5,2022,22,FALSE,20,TRUE,20220522,22-05-2022
5,2022,28,FALSE,21,TRUE,20220528,28-05-2022
5,2022,29,FALSE,21,TRUE,20220529,29-05-2022
6,2022,4,FALSE,22,TRUE,20220604,04-06-2022
6,2022,5,FALSE,22,TRUE,20220605,05-06-2022
6,2022,11,FALSE,23,TRUE,20220611,11-06-2022
6,2022,12,FALSE,23,TRUE,20220612,12-06-2022
6,2022,18,FALSE,24,TRUE,20220618,18-06-2022
6,2022,19,FALSE,24,TRUE,20220619,19-06-2022
6,2022,25,FALSE,25,TRUE,20220625,25-06-2022
6,2022,26,FALSE,25,TRUE,20220626,26-06-2022
7,2022,2,FALSE,26,TRUE,20220702,02-07-2022
7,2022,3,FALSE,26,TRUE,20220703,03-07-2022
7,2022,9,FALSE,27,TRUE,20220709,09-07-2022
7,2022,10,FALSE,27,TRUE,20220710,10-07-2022
7,2022,16,FALSE,28,TRUE,20220716,16-07-2022
7,2022,17,FALSE,28,TRUE,20220717,17-07-2022
7,2022,23,FALSE,29,TRUE,20220723,23-07-2022
7,2022,24,FALSE,29,TRUE,20220724,24-07-2022
7,2022,30,FALSE,30,TRUE,20220730,30-07-2022
7,2022,31,FALSE,30,TRUE,20220731,31-07-2022
8,2022,6,FALSE,31,TRUE,20220806,06-08-2022
8,2022,7,FALSE,31,TRUE,20220807,07-08-2022
8,2022,13,FALSE,32,TRUE,20220813,13-08-2022
8,2022,14,FALSE,32,TRUE,20220814,14-08-2022
8,2022,20,FALSE,33,TRUE,20220820,20-08-2022
8,2022,21,FALSE,33,TRUE,20220821,21-08-2022
8,2022,27,FALSE,34,TRUE,20220827,27-08-2022
8,2022,28,FALSE,34,TRUE,20220828,28-08-2022
9,2022,3,FALSE,35,TRUE,20220903,03-09-2022
9,2022,4,FALSE,35,TRUE,20220904,04-09-2022
9,2022,10,FALSE,36,TRUE,20220910,10-09-2022
9,2022,11,FALSE,36,TRUE,20220911,11-09-2022
9,2022,17,FALSE,37,TRUE,20220917,17-09-2022
9,2022,18,FALSE,37,TRUE,20220918,18-09-2022
9,2022,24,FALSE,38,TRUE,20220924,24-09-2022
9,2022,25,FALSE,38,TRUE,20220925,25-09-2022
10,2022,1,FALSE,39,TRUE,20221001,01-10-2022
10,2022,2,FALSE,39,TRUE,20221002,02-10-2022
10,2022,8,FALSE,40,TRUE,20221008,08-10-2022
10,2022,9,FALSE,40,TRUE,20221009,09-10-2022
10,2022,15,FALSE,41,TRUE,20221015,15-10-2022
10,2022,16,FALSE,41,TRUE,20221016,16-10-2022
10,2022,22,FALSE,42,TRUE,20221022,22-10-2022
10,2022,23,FALSE,42,TRUE,20221023,23-10-2022
10,2022,29,FALSE,43,TRUE,20221029,29-10-2022
10,2022,30,FALSE,43,TRUE,20221030,30-10-2022
11,2022,5,FALSE,44,TRUE,20221105,05-11-2022
11,2022,6,FALSE,44,TRUE,20221106,06-11-2022
11,2022,12,FALSE,45,TRUE,20221112,12-11-2022
11,2022,13,FALSE,45,TRUE,20221113,13-11-2022
11,2022,19,FALSE,46,TRUE,20221119,19-11-2022
11,2022,20,FALSE,46,TRUE,20221120,20-11-2022
11,2022,26,FALSE,47,TRUE,20221126,26-11-2022
11,2022,27,FALSE,47,TRUE,20221127,27-11-2022
12,2022,3,FALSE,48,TRUE,20221203,03-12-2022
12,2022,4,FALSE,48,TRUE,20221204,04-12-2022
12,2022,10,FALSE,49,TRUE,20221210,10-12-2022
12,2022,11,FALSE,49,TRUE,20221211,11-12-2022
12,2022,17,FALSE,50,TRUE,20221217,17-12-2022
12,2022,18,FALSE,50,TRUE,20221218,18-12-2022
12,2022,24,FALSE,51,TRUE,20221224,24-12-2022
12,2022,31,FALSE,52,TRUE,20221231,31-12-2022
1,2021,2,FALSE,53,TRUE,20210102,02-01-2021
1,2021,3,FALSE,53,TRUE,20210103,03-01-2021
1,2021,9,FALSE,1,TRUE,20210109,09-01-2021
1,2021,10,FALSE,1,TRUE,20210110,10-01-2021
1,2021,16,FALSE,2,TRUE,20210116,16-01-2021
1,2021,17,FALSE,2,TRUE,20210117,17-01-2021
1,2021,23,FALSE,3,TRUE,20210123,23-01-2021
1,2021,24,FALSE,3,TRUE,20210124,24-01-2021
1,2021,30,FALSE,4,TRUE,20210130,30-01-2021
1,2021,31,FALSE,4,TRUE,20210131,31-01-2021
2,2021,6,FALSE,5,TRUE,20210206,06-02-2021
2,2021,7,FALSE,5,TRUE,20210207,07-02-2021
2,2021,13,FALSE,6,TRUE,20210213,13-02-2021
2,2021,14,FALSE,6,TRUE,20210214,14-02-2021
2,2021,20,FALSE,7,TRUE,20210220,20-02-2021
2,2021,21,FALSE,7,TRUE,20210221,21-02-2021
2,2021,27,FALSE,8,TRUE,20210227,27-02-2021
2,2021,28,FALSE,8,TRUE,20210228,28-02-2021
3,2021,6,FALSE,9,TRUE,20210306,06-03-2021
3,2021,7,FALSE,9,TRUE,20210307,07-03-2021
3,2021,13,FALSE,10,TRUE,20210313,13-03-2021
3,2021,14,FALSE,10,TRUE,20210314,14-03-2021
3,2021,20,FALSE,11,TRUE,20210320,20-03-2021
3,2021,21,FALSE,11,TRUE,20210321,21-03-2021
3,2021,27,FALSE,12,TRUE,20210327,27-03-2021
3,2021,28,FALSE,12,TRUE,20210328,28-03-2021
4,2021,3,FALSE,13,TRUE,20210403,03-04-2021
4,2021,4,FALSE,13,TRUE,20210404,04-04-2021
4,2021,10,FALSE,14,TRUE,20210410,10-04-2021
4,2021,11,FALSE,14,TRUE,20210411,11-04-2021
4,2021,17,FALSE,15,TRUE,20210417,17-04-2021
4,2021,18,FALSE,15,TRUE,20210418,18-04-2021
4,2021,24,FALSE,16,TRUE,20210424,24-04-2021
4,2021,25,FALSE,16,TRUE,20210425,25-04-2021
5,2021,1,FALSE,17,TRUE,20210501,01-05-2021
5,2021,2,FALSE,17,TRUE,20210502,02-05-2021
5,2021,8,FALSE,18,TRUE,20210508,08-05-2021
5,2021,9,FALSE,18,TRUE,20210509,09-05-2021
5,2021,15,FALSE,19,TRUE,20210515,15-05-2021
5,2021,16,FALSE,19,TRUE,20210516,16-05-2021
5,2021,22,FALSE,20,TRUE,20210522,22-05-2021
5,2021,23,FALSE,20,TRUE,20210523,23-05-2021
5,2021,29,FALSE,21,TRUE,20210529,29-05-2021
5,2021,30,FALSE,21,TRUE,20210530,30-05-2021
6,2021,5,FALSE,22,TRUE,20210605,05-06-2021
6,2021,6,FALSE,22,TRUE,20210606,06-06-2021
6,2021,12,FALSE,23,TRUE,20210612,12-06-2021
6,2021,13,FALSE,23,TRUE,20210613,13-06-2021
6,2021,19,FALSE,24,TRUE,20210619,19-06-2021
6,2021,20,FALSE,24,TRUE,20210620,20-06-2021
6,2021,26,FALSE,25,TRUE,20210626,26-06-2021
6,2021,27,FALSE,25,TRUE,20210627,27-06-2021
7,2021,3,FALSE,26,TRUE,20210703,03-07-2021
7,2021,4,FALSE,26,TRUE,20210704,04-07-2021
7,2021,10,FALSE,27,TRUE,20210710,10-07-2021
7,2021,11,FALSE,27,TRUE,20210711,11-07-2021
7,2021,17,FALSE,28,TRUE,20210717,17-07-2021
7,2021,18,FALSE,28,TRUE,20210718,18-07-2021
7,2021,24,FALSE,29,TRUE,20210724,24-07-2021
7,2021,25,FALSE,29,TRUE,20210725,25-07-2021
7,2021,31,FALSE,30,TRUE,20210731,31-07-2021
8,2021,1,FALSE,30,TRUE,20210801,01-08-2021
8,2021,7,FALSE,31,TRUE,20210807,07-08-2021
8,2021,8,FALSE,31,TRUE,20210808,08-08-2021
8,2021,14,FALSE,32,TRUE,20210814,14-08-2021
8,2021,15,FALSE,32,TRUE,20210815,15-08-2021
8,2021,21,FALSE,33,TRUE,20210821,21-08-2021
8,2021,22,FALSE,33,TRUE,20210822,22-08-2021
8,2021,28,FALSE,34,TRUE,20210828,28-08-2021
8,2021,29,FALSE,34,TRUE,20210829,29-08-2021
9,2021,4,FALSE,35,TRUE,20210904,04-09-2021
9,2021,5,FALSE,35,TRUE,20210905,05-09-2021
9,2021,11,FALSE,36,TRUE,20210911,11-09-2021
9,2021,12,FALSE,36,TRUE,20210912,12-09-2021
9,2021,18,FALSE,37,TRUE,20210918,18-09-2021
9,2021,19,FALSE,37,TRUE,20210919,19-09-2021
9,2021,25,FALSE,38,TRUE,20210925,25-09-2021
9,2021,26,FALSE,38,TRUE,20210926,26-09-2021
10,2021,2,FALSE,39,TRUE,20211002,02-10-2021
10,2021,3,FALSE,39,TRUE,20211003,03-10-2021
10,2021,9,FALSE,40,TRUE,20211009,09-10-2021
10,2021,10,FALSE,40,TRUE,20211010,10-10-2021
10,2021,16,FALSE,41,TRUE,20211016,16-10-2021
10,2021,17,FALSE,41,TRUE,20211017,17-10-2021
10,2021,23,FALSE,42,TRUE,20211023,23-10-2021
10,2021,24,FALSE,42,TRUE,20211024,24-10-2021
10,2021,30,FALSE,43,TRUE,20211030,30-10-2021
10,2021,31,FALSE,43,TRUE,20211031,31-10-2021
11,2021,6,FALSE,44,TRUE,20211106,06-11-2021
11,2021,7,FALSE,44,TRUE,20211107,07-11-2021
11,2021,13,FALSE,45,TRUE,20211113,13-11-2021
11,2021,14,FALSE,45,TRUE,20211114,14-11-2021
11,2021,20,FALSE,46,TRUE,20211120,20-11-2021
11,2021,21,FALSE,46,TRUE,20211121,21-11-2021
11,2021,27,FALSE,47,TRUE,20211127,27-11-2021
11,2021,28,FALSE,47,TRUE,20211128,28-11-2021
12,2021,4,FALSE,48,TRUE,20211204,04-12-2021
12,2021,5,FALSE,48,TRUE,20211205,05-12-2021
12,2021,11,FALSE,49,TRUE,20211211,11-12-2021
12,2021,12,FALSE,49,TRUE,20211212,12-12-2021
12,2021,18,FALSE,50,TRUE,20211218,18-12-2021
12,2021,19,FALSE,50,TRUE,20211219,19-12-2021
12,2021,26,FALSE,51,TRUE,20211226,26-12-2021
1,2020,4,FALSE,1,TRUE,20200104,04-01-2020
1,2020,5,FALSE,1,TRUE,20200105,05-01-2020
1,2020,11,FALSE,2,TRUE,20200111,11-01-2020
1,2020,12,FALSE,2,TRUE,20200112,12-01-2020
1,2020,18,FALSE,3,TRUE,20200118,18-01-2020
1,2020,19,FALSE,3,TRUE,20200119,19-01-2020
1,2020,25,FALSE,4,TRUE,20200125,25-01-2020
1,2020,26,FALSE,4,TRUE,20200126,26-01-2020
2,2020,1,FALSE,5,TRUE,20200201,01-02-2020
2,2020,2,FALSE,5,TRUE,20200202,02-02-2020
2,2020,8,FALSE,6,TRUE,20200208,08-02-2020
2,2020,9,FALSE,6,TRUE,20200209,09-02-2020
2,2020,15,FALSE,7,TRUE,20200215,15-02-2020
2,2020,16,FALSE,7,TRUE,20200216,16-02-2020
2,2020,22,FALSE,8,TRUE,20200222,22-02-2020
2,2020,23,FALSE,8,TRUE,20200223,23-02-2020
2,2020,29,FALSE,9,TRUE,20200229,29-02-2020
3,2020,1,FALSE,9,TRUE,20200301,01-03-2020
3,2020,7,FALSE,10,TRUE,20200307,07-03-2020
3,2020,8,FALSE,10,TRUE,20200308,08-03-2020
3,2020,14,FALSE,11,TRUE,20200314,14-03-2020
3,2020,15,FALSE,11,TRUE,20200315,15-03-2020
3,2020,21,FALSE,12,TRUE,20200321,21-03-2020
3,2020,22,FALSE,12,TRUE,20200322,22-03-2020
3,2020,28,FALSE,13,TRUE,20200328,28-03-2020
3,2020,29,FALSE,13,TRUE,20200329,29-03-2020
4,2020,4,FALSE,14,TRUE,20200404,04-04-2020
4,2020,5,FALSE,14,TRUE,20200405,05-04-2020
4,2020,11,FALSE,15,TRUE,20200411,11-04-2020
4,2020,12,FALSE,15,TRUE,20200412,12-04-2020
4,2020,18,FALSE,16,TRUE,20200418,18-04-2020
4,2020,19,FALSE,16,TRUE,20200419,19-04-2020
4,2020,25,FALSE,17,TRUE,20200425,25-04-2020
4,2020,26,FALSE,17,TRUE,20200426,26-04-2020
5,2020,2,FALSE,18,TRUE,20200502,02-05-2020
5,2020,3,FALSE,18,TRUE,20200503,03-05-2020
5,2020,9,FALSE,19,TRUE,20200509,09-05-2020
5,2020,10,FALSE,19,TRUE,20200510,10-05-2020
5,2020,16,FALSE,20,TRUE,20200516,16-05-2020
5,2020,17,FALSE,20,TRUE,20200517,17-05-2020
5,2020,23,FALSE,21,TRUE,20200523,23-05-2020
5,2020,24,FALSE,21,TRUE,20200524,24-05-2020
5,2020,30,FALSE,22,TRUE,20200530,30-05-2020
5,2020,31,FALSE,22,TRUE,20200531,31-05-2020
6,2020,6,FALSE,23,TRUE,20200606,06-06-2020
6,2020,7,FALSE,23,TRUE,20200607,07-06-2020
6,2020,13,FALSE,24,TRUE,20200613,13-06-2020
6,2020,14,FALSE,24,TRUE,20200614,14-06-2020
6,2020,20,FALSE,25,TRUE,20200620,20-06-2020
6,2020,21,FALSE,25,TRUE,20200621,21-06-2020
6,2020,27,FALSE,26,TRUE,20200627,27-06-2020
6,2020,28,FALSE,26,TRUE,20200628,28-06-2020
7,2020,4,FALSE,27,TRUE,20200704,04-07-2020
7,2020,5,FALSE,27,TRUE,20200705,05-07-2020
7,2020,11,FALSE,28,TRUE,20200711,11-07-2020
7,2020,12,FALSE,28,TRUE,20200712,12-07-2020
7,2020,18,FALSE,29,TRUE,20200718,18-07-2020
7,2020,19,FALSE,29,TRUE,20200719,19-07-2020
7,2020,25,FALSE,30,TRUE,20200725,25-07-2020
7,2020,26,FALSE,30,TRUE,20200726,26-07-2020
8,2020,1,FALSE,31,TRUE,20200801,01-08-2020
8,2020,2,FALSE,31,TRUE,20200802,02-08-2020
8,2020,8,FALSE,32,TRUE,20200808,08-08-2020
8,2020,9,FALSE,32,TRUE,20200809,09-08-2020
8,2020,15,FALSE,33,TRUE,20200815,15-08-2020
8,2020,16,FALSE,33,TRUE,20200816,16-08-2020
8,2020,22,FALSE,34,TRUE,20200822,22-08-2020
8,2020,23,FALSE,34,TRUE,20200823,23-08-2020
8,2020,29,FALSE,35,TRUE,20200829,29-08-2020
8,2020,30,FALSE,35,TRUE,20200830,30-08-2020
9,2020,5,FALSE,36,TRUE,20200905,05-09-2020
9,2020,6,FALSE,36,TRUE,20200906,06-09-2020
9,2020,12,FALSE,37,TRUE,20200912,12-09-2020
9,2020,13,FALSE,37,TRUE,20200913,13-09-2020
9,2020,19,FALSE,38,TRUE,20200919,19-09-2020
9,2020,20,FALSE,38,TRUE,20200920,20-09-2020
9,2020,26,FALSE,39,TRUE,20200926,26-09-2020
9,2020,27,FALSE,39,TRUE,20200927,27-09-2020
10,2020,3,FALSE,40,TRUE,20201003,03-10-2020
10,2020,4,FALSE,40,TRUE,20201004,04-10-2020
10,2020,10,FALSE,41,TRUE,20201010,10-10-2020
10,2020,11,FALSE,41,TRUE,20201011,11-10-2020
10,2020,17,FALSE,42,TRUE,20201017,17-10-2020
10,2020,18,FALSE,42,TRUE,20201018,18-10-2020
10,2020,24,FALSE,43,TRUE,20201024,24-10-2020
10,2020,25,FALSE,43,TRUE,20201025,25-10-2020
10,2020,31,FALSE,44,TRUE,20201031,31-10-2020
11,2020,1,FALSE,44,TRUE,20201101,01-11-2020
11,2020,7,FALSE,45,TRUE,20201107,07-11-2020
11,2020,8,FALSE,45,TRUE,20201108,08-11-2020
11,2020,14,FALSE,46,TRUE,20201114,14-11-2020
11,2020,15,FALSE,46,TRUE,20201115,15-11-2020
11,2020,21,FALSE,47,TRUE,20201121,21-11-2020
11,2020,22,FALSE,47,TRUE,20201122,22-11-2020
11,2020,28,FALSE,48,TRUE,20201128,28-11-2020
11,2020,29,FALSE,48,TRUE,20201129,29-11-2020
12,2020,5,FALSE,49,TRUE,20201205,05-12-2020
12,2020,6,FALSE,49,TRUE,20201206,06-12-2020
12,2020,12,FALSE,50,TRUE,20201212,12-12-2020
12,2020,13,FALSE,50,TRUE,20201213,13-12-2020
12,2020,19,FALSE,51,TRUE,20201219,19-12-2020
12,2020,20,FALSE,51,TRUE,20201220,20-12-2020
12,2020,26,FALSE,52,TRUE,20201226,26-12-2020
12,2020,27,FALSE,52,TRUE,20201227,27-12-2020
12,2021,25,TRUE,51,TRUE,20211225,25-12-2021
1,2022,1,TRUE,52,TRUE,20220101,01-01-2022
5,2022,26,TRUE,21,FALSE,20220526,26-05-2022
5,2022,27,TRUE,21,FALSE,20220527,27-05-2022
6,2022,6,TRUE,23,FALSE,20220606,06-06-2022
7,2022,21,TRUE,29,FALSE,20220721,21-07-2022
7,2022,22,TRUE,29,FALSE,20220722,22-07-2022
8,2022,15,TRUE,33,FALSE,20220815,15-08-2022
10,2022,31,TRUE,44,FALSE,20221031,31-10-2022
11,2022,1,TRUE,44,FALSE,20221101,01-11-2022
11,2022,11,TRUE,45,FALSE,20221111,11-11-2022
12,2022,25,TRUE,51,TRUE,20221225,25-12-2022
12,2022,26,TRUE,52,FALSE,20221226,26-12-2022
12,2022,27,TRUE,52,FALSE,20221227,27-12-2022
12,2022,28,TRUE,52,FALSE,20221228,28-12-2022
12,2022,29,TRUE,52,FALSE,20221229,29-12-2022
12,2022,30,TRUE,52,FALSE,20221230,30-12-2022
1,2023,1,TRUE,52,TRUE,20230101,01-01-2023
4,2023,10,TRUE,15,FALSE,20230410,10-04-2023
5,2023,1,TRUE,18,FALSE,20230501,01-05-2023
5,2023,18,TRUE,20,FALSE,20230518,18-05-2023
5,2023,19,TRUE,20,FALSE,20230519,19-05-2023
5,2023,29,TRUE,22,FALSE,20230529,29-05-2023
7,2023,21,TRUE,29,FALSE,20230721,21-07-2023
8,2023,14,TRUE,33,FALSE,20230814,14-08-2023
8,2023,15,TRUE,33,FALSE,20230815,15-08-2023
11,2023,1,TRUE,44,FALSE,20231101,01-11-2023
11,2023,11,TRUE,45,TRUE,20231111,11-11-2023
12,2023,25,TRUE,52,FALSE,20231225,25-12-2023
12,2023,26,TRUE,52,FALSE,20231226,26-12-2023
12,2023,27,TRUE,52,FALSE,20231227,27-12-2023
12,2023,28,TRUE,52,FALSE,20231228,28-12-2023
12,2023,29,TRUE,52,FALSE,20231229,29-12-2023
